asd_subset,analysis_length,loader_length,expected_formal_test_length,analysis_dtype,loader_dtype,analysis_anomaly_count,loader_anomaly_count,anomaly_count_match,exact_match,analysis_checksum,loader_checksum,checksum_match,formal_length_match
ASD_dataset_1,4320,4320,4320,float64,float64,441,441,True,True,98ea4248a45f147d7e35e6e28cf079efcb4285a85822a3f225d48f3e5a0d6b72,98ea4248a45f147d7e35e6e28cf079efcb4285a85822a3f225d48f3e5a0d6b72,True,True
ASD_dataset_10,4320,4320,4320,float64,float64,373,373,True,True,cb3e0c0e45a672444334bb9442c3c99bbcadb0ec4d2db3f16d72ba4ba8e53493,cb3e0c0e45a672444334bb9442c3c99bbcadb0ec4d2db3f16d72ba4ba8e53493,True,True
ASD_dataset_11,4320,4320,4320,float64,float64,250,250,True,True,aaa161c77c862b85548ad706993c83acd28882981597bb56c9577982ebd5a76d,aaa161c77c862b85548ad706993c83acd28882981597bb56c9577982ebd5a76d,True,True
ASD_dataset_12,4320,4320,4320,float64,float64,132,132,True,True,56f9ecbb4e1c312cbce09df4bc7a1454178f5a112203e93449f387ed75136d16,56f9ecbb4e1c312cbce09df4bc7a1454178f5a112203e93449f387ed75136d16,True,True
ASD_dataset_2,4320,4320,4320,float64,float64,55,55,True,True,81de8c1d1410259f3ef518b3c7e33c78c07062f8eab9aaa0d5a1d3db0bd2a259,81de8c1d1410259f3ef518b3c7e33c78c07062f8eab9aaa0d5a1d3db0bd2a259,True,True
ASD_dataset_3,4320,4320,4320,float64,float64,146,146,True,True,776a731050213b013d943472f1d0f2af2aa166a9cadf02f66cdba9bf3da91e75,776a731050213b013d943472f1d0f2af2aa166a9cadf02f66cdba9bf3da91e75,True,True
ASD_dataset_4,4320,4320,4320,float64,float64,151,151,True,True,b3532519f614b6e99ce40b87a070462cc33230681202ef127159838cb7857d8e,b3532519f614b6e99ce40b87a070462cc33230681202ef127159838cb7857d8e,True,True
ASD_dataset_5,4320,4320,4320,float64,float64,74,74,True,True,f361271cc22572f1d5e971f6dbc81d1b7b47729368002c817497fe5024c99611,f361271cc22572f1d5e971f6dbc81d1b7b47729368002c817497fe5024c99611,True,True
ASD_dataset_6,4320,4320,4320,float64,float64,198,198,True,True,5913117632d12e81e48d4bca91ed646356889f00d5a70a6c2d05b0cb14420ab8,5913117632d12e81e48d4bca91ed646356889f00d5a70a6c2d05b0cb14420ab8,True,True
ASD_dataset_7,4320,4320,4320,float64,float64,87,87,True,True,304d01609f550a68ed60a04af706bc34306e5e8a6c2b49d4d13072d05d73ea5c,304d01609f550a68ed60a04af706bc34306e5e8a6c2b49d4d13072d05d73ea5c,True,True
ASD_dataset_8,4320,4320,4320,float64,float64,188,188,True,True,4e79106498ce09ca31f8469c6809909252217ee5d5ee6dfd528105935aa412a1,4e79106498ce09ca31f8469c6809909252217ee5d5ee6dfd528105935aa412a1,True,True
ASD_dataset_9,4320,4320,4320,float64,float64,297,297,True,True,5885634e3bd695b430c86aecfb734b1cefd1c5de175638db24de25b0c9ca7bf8,5885634e3bd695b430c86aecfb734b1cefd1c5de175638db24de25b0c9ca7bf8,True,True
