level,descriptor,target,removed_item,removed_group,n,full_rho,loo_rho,absolute_shift,sign_flip
task,channel_count,delta_auc_pr,PSM,PSM,23,-0.24586446373094079,-0.215205278573645,0.030659185157295793,False
task,channel_count,delta_auc_pr,Genesis,Genesis,23,-0.24586446373094079,-0.18258516150259754,0.06327930222834324,False
task,channel_count,delta_auc_pr,GECCO,GECCO,23,-0.24586446373094079,-0.3361787601990394,0.09031429646809863,False
task,channel_count,delta_auc_pr,CalIt2,CalIt2,23,-0.24586446373094079,-0.21404409135608563,0.03182037237485516,False
task,channel_count,delta_auc_pr,NYC,NYC,23,-0.24586446373094079,-0.39971346166784866,0.15384899793690787,False
task,channel_count,delta_auc_pr,MSL,MSL,23,-0.24586446373094079,-0.2757282675393956,0.029863803808454825,False
task,channel_count,delta_auc_pr,ASD_dataset_1,ASD,23,-0.24586446373094079,-0.24625498648642347,0.00039052275548268067,False
task,channel_count,delta_auc_pr,ASD_dataset_2,ASD,23,-0.24586446373094079,-0.23418366361944193,0.011680800111498857,False
task,channel_count,delta_auc_pr,ASD_dataset_3,ASD,23,-0.24586446373094079,-0.23418366361944193,0.011680800111498857,False
task,channel_count,delta_auc_pr,ASD_dataset_4,ASD,23,-0.24586446373094079,-0.23418366361944193,0.011680800111498857,False
task,channel_count,delta_auc_pr,ASD_dataset_5,ASD,23,-0.24586446373094079,-0.23418366361944193,0.011680800111498857,False
task,channel_count,delta_auc_pr,ASD_dataset_6,ASD,23,-0.24586446373094079,-0.27100119836373565,0.025136734632794866,False
task,channel_count,delta_auc_pr,ASD_dataset_7,ASD,23,-0.24586446373094079,-0.23418366361944193,0.011680800111498857,False
task,channel_count,delta_auc_pr,ASD_dataset_8,ASD,23,-0.24586446373094079,-0.24625498648642347,0.00039052275548268067,False
task,channel_count,delta_auc_pr,ASD_dataset_9,ASD,23,-0.24586446373094079,-0.2631548385001976,0.017290374769256822,False
task,channel_count,delta_auc_pr,ASD_dataset_10,ASD,23,-0.24586446373094079,-0.23418366361944193,0.011680800111498857,False
task,channel_count,delta_auc_pr,ASD_dataset_11,ASD,23,-0.24586446373094079,-0.23418366361944193,0.011680800111498857,False
task,channel_count,delta_auc_pr,ASD_dataset_12,ASD,23,-0.24586446373094079,-0.27100119836373565,0.025136734632794866,False
task,channel_count,delta_auc_pr,CICIDS,CICIDS,23,-0.24586446373094079,-0.241185128876742,0.0046793348541987745,False
task,channel_count,delta_auc_pr,Creditcard,Creditcard,23,-0.24586446373094079,-0.2572230146844027,0.011358550953461888,False
task,channel_count,delta_auc_pr,SMAP,SMAP,23,-0.24586446373094079,-0.19917279363692647,0.046691670094014315,False
task,channel_count,delta_auc_pr,SMD,SMD,23,-0.24586446373094079,-0.23625039478207724,0.009614068948863547,False
task,channel_count,delta_auc_pr,SWAT,SWAT,23,-0.24586446373094079,-0.15421044045827492,0.09165402327266586,False
task,channel_count,delta_auc_roc,PSM,PSM,23,-0.5317285690666984,-0.4957737649662195,0.03595480410047891,False
task,channel_count,delta_auc_roc,Genesis,Genesis,23,-0.5317285690666984,-0.5434375921749609,0.011709023108262495,False
task,channel_count,delta_auc_roc,GECCO,GECCO,23,-0.5317285690666984,-0.5890838825506103,0.057355313483911874,False
task,channel_count,delta_auc_roc,CalIt2,CalIt2,23,-0.5317285690666984,-0.5212312887489693,0.010497280317729119,False
task,channel_count,delta_auc_roc,NYC,NYC,23,-0.5317285690666984,-0.6501512169720873,0.11842264790538892,False
task,channel_count,delta_auc_roc,MSL,MSL,23,-0.5317285690666984,-0.5107449787978067,0.02098359026889174,False
task,channel_count,delta_auc_roc,ASD_dataset_1,ASD,23,-0.5317285690666984,-0.5323453384338861,0.0006167693671876862,False
task,channel_count,delta_auc_roc,ASD_dataset_2,ASD,23,-0.5317285690666984,-0.5323453384338861,0.0006167693671876862,False
task,channel_count,delta_auc_roc,ASD_dataset_3,ASD,23,-0.5317285690666984,-0.5504523227343583,0.01872375366765988,False
task,channel_count,delta_auc_roc,ASD_dataset_4,ASD,23,-0.5317285690666984,-0.5504523227343583,0.01872375366765988,False
task,channel_count,delta_auc_roc,ASD_dataset_5,ASD,23,-0.5317285690666984,-0.5323453384338861,0.0006167693671876862,False
task,channel_count,delta_auc_roc,ASD_dataset_6,ASD,23,-0.5317285690666984,-0.5558844180245001,0.02415584895780165,False
task,channel_count,delta_auc_roc,ASD_dataset_7,ASD,23,-0.5317285690666984,-0.5504523227343583,0.01872375366765988,False
task,channel_count,delta_auc_roc,ASD_dataset_8,ASD,23,-0.5317285690666984,-0.5323453384338861,0.0006167693671876862,False
task,channel_count,delta_auc_roc,ASD_dataset_9,ASD,23,-0.5317285690666984,-0.5323453384338861,0.0006167693671876862,False
task,channel_count,delta_auc_roc,ASD_dataset_10,ASD,23,-0.5317285690666984,-0.5323453384338861,0.0006167693671876862,False
task,channel_count,delta_auc_roc,ASD_dataset_11,ASD,23,-0.5317285690666984,-0.5504523227343583,0.01872375366765988,False
task,channel_count,delta_auc_roc,ASD_dataset_12,ASD,23,-0.5317285690666984,-0.5504523227343583,0.01872375366765988,False
task,channel_count,delta_auc_roc,CICIDS,CICIDS,23,-0.5317285690666984,-0.45893027080382626,0.07279829826287215,False
task,channel_count,delta_auc_roc,Creditcard,Creditcard,23,-0.5317285690666984,-0.5033428776558094,0.02838569141088898,False
task,channel_count,delta_auc_roc,SMAP,SMAP,23,-0.5317285690666984,-0.48159118213758384,0.05013738692911457,False
task,channel_count,delta_auc_roc,SMD,SMD,23,-0.5317285690666984,-0.482370257753484,0.04935831131321439,False
task,channel_count,delta_auc_roc,SWAT,SWAT,23,-0.5317285690666984,-0.47065026427865514,0.06107830478804327,False
task,mean_drift,delta_auc_pr,PSM,PSM,23,0.5158102766798419,0.5189158667419538,0.0031055900621118626,False
task,mean_drift,delta_auc_pr,Genesis,Genesis,23,0.5158102766798419,0.4466403162055336,0.06916996047430829,False
task,mean_drift,delta_auc_pr,GECCO,GECCO,23,0.5158102766798419,0.5223037831733485,0.006493506493506551,False
task,mean_drift,delta_auc_pr,CalIt2,CalIt2,23,0.5158102766798419,0.5166572557876906,0.0008469791078486999,False
task,mean_drift,delta_auc_pr,NYC,NYC,23,0.5158102766798419,0.5031055900621118,0.012704686617730165,False
task,mean_drift,delta_auc_pr,MSL,MSL,23,0.5158102766798419,0.575381140598532,0.05957086391869004,False
task,mean_drift,delta_auc_pr,ASD_dataset_1,ASD,23,0.5158102766798419,0.5561829474872955,0.04037267080745355,False
task,mean_drift,delta_auc_pr,ASD_dataset_2,ASD,23,0.5158102766798419,0.4861660079051384,0.029644268774703497,False
task,mean_drift,delta_auc_pr,ASD_dataset_3,ASD,23,0.5158102766798419,0.4647092038396387,0.05110107284020321,False
task,mean_drift,delta_auc_pr,ASD_dataset_4,ASD,23,0.5158102766798419,0.4647092038396387,0.05110107284020321,False
task,mean_drift,delta_auc_pr,ASD_dataset_5,ASD,23,0.5158102766798419,0.4703557312252965,0.045454545454545414,False
task,mean_drift,delta_auc_pr,ASD_dataset_6,ASD,23,0.5158102766798419,0.5719932241671373,0.056182947487295354,False
task,mean_drift,delta_auc_pr,ASD_dataset_7,ASD,23,0.5158102766798419,0.5211744776962168,0.005364201016374914,False
task,mean_drift,delta_auc_pr,ASD_dataset_8,ASD,23,0.5158102766798419,0.5290796160361377,0.013269339356295817,False
task,mean_drift,delta_auc_pr,ASD_dataset_9,ASD,23,0.5158102766798419,0.5550536420101638,0.03924336533032191,False
task,mean_drift,delta_auc_pr,ASD_dataset_10,ASD,23,0.5158102766798419,0.5019762845849802,0.013833992094861691,False
task,mean_drift,delta_auc_pr,ASD_dataset_11,ASD,23,0.5158102766798419,0.5121400338791644,0.0036702428006775145,False
task,mean_drift,delta_auc_pr,ASD_dataset_12,ASD,23,0.5158102766798419,0.5324675324675326,0.016657255787690728,False
task,mean_drift,delta_auc_pr,CICIDS,CICIDS,23,0.5158102766798419,0.5290796160361377,0.013269339356295817,False
task,mean_drift,delta_auc_pr,Creditcard,Creditcard,23,0.5158102766798419,0.5640880858272164,0.04827780914737445,False
task,mean_drift,delta_auc_pr,SMAP,SMAP,23,0.5158102766798419,0.4726143421795596,0.04319593450028231,False
task,mean_drift,delta_auc_pr,SMD,SMD,23,0.5158102766798419,0.5290796160361377,0.013269339356295817,False
task,mean_drift,delta_auc_pr,SWAT,SWAT,23,0.5158102766798419,0.4963297571993225,0.01948051948051943,False
task,mean_drift,delta_auc_roc,PSM,PSM,23,0.5899209486166007,0.557312252964427,0.032608695652173725,False
task,mean_drift,delta_auc_roc,Genesis,Genesis,23,0.5899209486166007,0.5765104460756635,0.01341050254093723,False
task,mean_drift,delta_auc_roc,GECCO,GECCO,23,0.5899209486166007,0.5527950310559007,0.03712591756070005,False
task,mean_drift,delta_auc_roc,CalIt2,CalIt2,23,0.5899209486166007,0.6070016939582158,0.017080745341615078,False
task,mean_drift,delta_auc_roc,NYC,NYC,23,0.5899209486166007,0.5618294748729532,0.02809147374364751,False
task,mean_drift,delta_auc_roc,MSL,MSL,23,0.5899209486166007,0.5742518351214004,0.015669113495200282,False
task,mean_drift,delta_auc_roc,ASD_dataset_1,ASD,23,0.5899209486166007,0.6047430830039526,0.014822134387351915,False
task,mean_drift,delta_auc_roc,ASD_dataset_2,ASD,23,0.5899209486166007,0.6171654432523999,0.027244494635799144,False
task,mean_drift,delta_auc_roc,ASD_dataset_3,ASD,23,0.5899209486166007,0.585544889892716,0.00437605872388469,False
task,mean_drift,delta_auc_roc,ASD_dataset_4,ASD,23,0.5899209486166007,0.5708639186900057,0.01905702992659497,False
task,mean_drift,delta_auc_roc,ASD_dataset_5,ASD,23,0.5899209486166007,0.5957086391869001,0.005787690570299375,False
task,mean_drift,delta_auc_roc,ASD_dataset_6,ASD,23,0.5899209486166007,0.6679841897233203,0.07806324110671958,False
task,mean_drift,delta_auc_roc,ASD_dataset_7,ASD,23,0.5899209486166007,0.6341050254093734,0.0441840767927727,False
task,mean_drift,delta_auc_roc,ASD_dataset_8,ASD,23,0.5899209486166007,0.6024844720496896,0.012563523433088863,False
task,mean_drift,delta_auc_roc,ASD_dataset_9,ASD,23,0.5899209486166007,0.6024844720496896,0.012563523433088863,False
task,mean_drift,delta_auc_roc,ASD_dataset_10,ASD,23,0.5899209486166007,0.6137775268210052,0.023856578204404455,False
task,mean_drift,delta_auc_roc,ASD_dataset_11,ASD,23,0.5899209486166007,0.6250705815923208,0.035149632975720047,False
task,mean_drift,delta_auc_roc,ASD_dataset_12,ASD,23,0.5899209486166007,0.6250705815923208,0.035149632975720047,False
task,mean_drift,delta_auc_roc,CICIDS,CICIDS,23,0.5899209486166007,0.5471485036702428,0.0427724449463579,False
task,mean_drift,delta_auc_roc,Creditcard,Creditcard,23,0.5899209486166007,0.5686053077357426,0.021315640880858133,False
task,mean_drift,delta_auc_roc,SMAP,SMAP,23,0.5899209486166007,0.5415019762845851,0.04841897233201564,False
task,mean_drift,delta_auc_roc,SMD,SMD,23,0.5899209486166007,0.5595708639186902,0.030350084697910562,False
task,mean_drift,delta_auc_roc,SWAT,SWAT,23,0.5899209486166007,0.5471485036702428,0.0427724449463579,False
task,variance_drift,delta_auc_pr,PSM,PSM,23,0.3804347826086957,0.3562958780350085,0.02413890457368717,False
task,variance_drift,delta_auc_pr,Genesis,Genesis,23,0.3804347826086957,0.29192546583850937,0.08850931677018631,False
task,variance_drift,delta_auc_pr,GECCO,GECCO,23,0.3804347826086957,0.3890457368718239,0.008610954263128245,False
task,variance_drift,delta_auc_pr,CalIt2,CalIt2,23,0.3804347826086957,0.4048560135516658,0.024421230942970107,False
task,variance_drift,delta_auc_pr,NYC,NYC,23,0.3804347826086957,0.339356295878035,0.04107848673066067,False
task,variance_drift,delta_auc_pr,MSL,MSL,23,0.3804347826086957,0.4195369847543761,0.03910220214568044,False
task,variance_drift,delta_auc_pr,ASD_dataset_1,ASD,23,0.3804347826086957,0.3800112930547713,0.00042348955392434995,False
task,variance_drift,delta_auc_pr,ASD_dataset_2,ASD,23,0.3804347826086957,0.3540372670807454,0.026397515527950277,False
task,variance_drift,delta_auc_pr,ASD_dataset_3,ASD,23,0.3804347826086957,0.32919254658385094,0.051242236024844734,False
task,variance_drift,delta_auc_pr,ASD_dataset_4,ASD,23,0.3804347826086957,0.3529079616036138,0.02752682100508186,False
task,variance_drift,delta_auc_pr,ASD_dataset_5,ASD,23,0.3804347826086957,0.347261434217956,0.033173348390739654,False
task,variance_drift,delta_auc_pr,ASD_dataset_6,ASD,23,0.3804347826086957,0.5031055900621118,0.12267080745341608,False
task,variance_drift,delta_auc_pr,ASD_dataset_7,ASD,23,0.3804347826086957,0.36645962732919257,0.013975155279503104,False
task,variance_drift,delta_auc_pr,ASD_dataset_8,ASD,23,0.3804347826086957,0.41276115189158674,0.032326369282891065,False
task,variance_drift,delta_auc_pr,ASD_dataset_9,ASD,23,0.3804347826086957,0.4522868435911915,0.0718520609824958,False
task,variance_drift,delta_auc_pr,ASD_dataset_10,ASD,23,0.3804347826086957,0.3675889328063242,0.012845849802371467,False
task,variance_drift,delta_auc_pr,ASD_dataset_11,ASD,23,0.3804347826086957,0.347261434217956,0.033173348390739654,False
task,variance_drift,delta_auc_pr,ASD_dataset_12,ASD,23,0.3804347826086957,0.409373235460192,0.02893845285149632,False
task,variance_drift,delta_auc_pr,CICIDS,CICIDS,23,0.3804347826086957,0.383399209486166,0.0029644268774703386,False
task,variance_drift,delta_auc_pr,Creditcard,Creditcard,23,0.3804347826086957,0.4195369847543761,0.03910220214568044,False
task,variance_drift,delta_auc_pr,SMAP,SMAP,23,0.3804347826086957,0.3574251835121401,0.02300959909655559,False
task,variance_drift,delta_auc_pr,SMD,SMD,23,0.3804347826086957,0.39130434782608703,0.010869565217391353,False
task,variance_drift,delta_auc_pr,SWAT,SWAT,23,0.3804347826086957,0.3608130999435348,0.0196216826651609,False
task,variance_drift,delta_auc_roc,PSM,PSM,23,0.4140316205533597,0.3890457368718239,0.02498588368153576,False
task,variance_drift,delta_auc_roc,Genesis,Genesis,23,0.4140316205533597,0.3721061547148504,0.04192546583850926,False
task,variance_drift,delta_auc_roc,GECCO,GECCO,23,0.4140316205533597,0.3901750423489555,0.023856578204404177,False
task,variance_drift,delta_auc_roc,CalIt2,CalIt2,23,0.4140316205533597,0.4522868435911915,0.0382552230378318,False
task,variance_drift,delta_auc_roc,NYC,NYC,23,0.4140316205533597,0.3890457368718239,0.02498588368153576,False
task,variance_drift,delta_auc_roc,MSL,MSL,23,0.4140316205533597,0.3890457368718239,0.02498588368153576,False
task,variance_drift,delta_auc_roc,ASD_dataset_1,ASD,23,0.4140316205533597,0.40372670807453415,0.010304912478825534,False
task,variance_drift,delta_auc_roc,ASD_dataset_2,ASD,23,0.4140316205533597,0.4240542066629024,0.010022586109542708,False
task,variance_drift,delta_auc_roc,ASD_dataset_3,ASD,23,0.4140316205533597,0.3946922642574817,0.019339356295877963,False
task,variance_drift,delta_auc_roc,ASD_dataset_4,ASD,23,0.4140316205533597,0.4150197628458499,0.000988142292490224,False
task,variance_drift,delta_auc_roc,ASD_dataset_5,ASD,23,0.4140316205533597,0.41840767927724454,0.004376058723884857,False
task,variance_drift,delta_auc_roc,ASD_dataset_6,ASD,23,0.4140316205533597,0.5539243365330322,0.1398927159796725,False
task,variance_drift,delta_auc_roc,ASD_dataset_7,ASD,23,0.4140316205533597,0.4251835121400339,0.011151891586674234,False
task,variance_drift,delta_auc_roc,ASD_dataset_8,ASD,23,0.4140316205533597,0.4330886504799548,0.019057029926595137,False
task,variance_drift,delta_auc_roc,ASD_dataset_9,ASD,23,0.4140316205533597,0.4263128176171655,0.012281197063805815,False
task,variance_drift,delta_auc_roc,ASD_dataset_10,ASD,23,0.4140316205533597,0.4150197628458499,0.000988142292490224,False
task,variance_drift,delta_auc_roc,ASD_dataset_11,ASD,23,0.4140316205533597,0.41050254093732363,0.003529079616036046,False
task,variance_drift,delta_auc_roc,ASD_dataset_12,ASD,23,0.4140316205533597,0.4150197628458499,0.000988142292490224,False
task,variance_drift,delta_auc_roc,CICIDS,CICIDS,23,0.4140316205533597,0.41276115189158674,0.0012704686617729388,False
task,variance_drift,delta_auc_roc,Creditcard,Creditcard,23,0.4140316205533597,0.3890457368718239,0.02498588368153576,False
task,variance_drift,delta_auc_roc,SMAP,SMAP,23,0.4140316205533597,0.3969508752117449,0.0170807453416148,False
task,variance_drift,delta_auc_roc,SMD,SMD,23,0.4140316205533597,0.3822699040090345,0.03176171654432519,False
task,variance_drift,delta_auc_roc,SWAT,SWAT,23,0.4140316205533597,0.3969508752117449,0.0170807453416148,False
task,low_frequency_energy_ratio_mean,delta_auc_pr,PSM,PSM,23,0.09683794466403163,0.0852625635234331,0.011575381140598529,False
task,low_frequency_energy_ratio_mean,delta_auc_pr,Genesis,Genesis,23,0.09683794466403163,0.17899491812535295,0.08215697346132132,False
task,low_frequency_energy_ratio_mean,delta_auc_pr,GECCO,GECCO,23,0.09683794466403163,0.09090909090909091,0.005928853754940719,False
task,low_frequency_energy_ratio_mean,delta_auc_pr,CalIt2,CalIt2,23,0.09683794466403163,0.10559006211180126,0.00875211744776963,False
task,low_frequency_energy_ratio_mean,delta_auc_pr,NYC,NYC,23,0.09683794466403163,0.23658949745906271,0.1397515527950311,False
task,low_frequency_energy_ratio_mean,delta_auc_pr,MSL,MSL,23,0.09683794466403163,0.1202710333145116,0.023433088650479966,False
task,low_frequency_energy_ratio_mean,delta_auc_pr,ASD_dataset_1,ASD,23,0.09683794466403163,0.12704686617730096,0.03020892151326933,False
task,low_frequency_energy_ratio_mean,delta_auc_pr,ASD_dataset_2,ASD,23,0.09683794466403163,0.05590062111801244,0.04093732354601919,False
task,low_frequency_energy_ratio_mean,delta_auc_pr,ASD_dataset_3,ASD,23,0.09683794466403163,0.050254093732354614,0.046583850931677016,False
task,low_frequency_energy_ratio_mean,delta_auc_pr,ASD_dataset_4,ASD,23,0.09683794466403163,0.044607566346696784,0.05223037831733485,False
task,low_frequency_energy_ratio_mean,delta_auc_pr,ASD_dataset_5,ASD,23,0.09683794466403163,0.0852625635234331,0.011575381140598529,False
task,low_frequency_energy_ratio_mean,delta_auc_pr,ASD_dataset_6,ASD,23,0.09683794466403163,0.18802936194240544,0.09119141727837381,False
task,low_frequency_energy_ratio_mean,delta_auc_pr,ASD_dataset_7,ASD,23,0.09683794466403163,0.0852625635234331,0.011575381140598529,False
task,low_frequency_energy_ratio_mean,delta_auc_pr,ASD_dataset_8,ASD,23,0.09683794466403163,0.10559006211180126,0.00875211744776963,False
task,low_frequency_energy_ratio_mean,delta_auc_pr,ASD_dataset_9,ASD,23,0.09683794466403163,0.11688311688311688,0.02004517221908525,False
task,low_frequency_energy_ratio_mean,delta_auc_pr,ASD_dataset_10,ASD,23,0.09683794466403163,0.06041784302653869,0.036420101637492944,False
task,low_frequency_energy_ratio_mean,delta_auc_pr,ASD_dataset_11,ASD,23,0.09683794466403163,0.028797289666854884,0.06804065499717675,False
task,low_frequency_energy_ratio_mean,delta_auc_pr,ASD_dataset_12,ASD,23,0.09683794466403163,0.1225296442687747,0.025691699604743073,False
task,low_frequency_energy_ratio_mean,delta_auc_pr,CICIDS,CICIDS,23,0.09683794466403163,0.07735742518351214,0.019480519480519487,False
task,low_frequency_energy_ratio_mean,delta_auc_pr,Creditcard,Creditcard,23,0.09683794466403163,0.10897797854319595,0.01214003387916432,False
task,low_frequency_energy_ratio_mean,delta_auc_pr,SMAP,SMAP,23,0.09683794466403163,0.012987012987012988,0.08385093167701864,False
task,low_frequency_energy_ratio_mean,delta_auc_pr,SMD,SMD,23,0.09683794466403163,0.07735742518351214,0.019480519480519487,False
task,low_frequency_energy_ratio_mean,delta_auc_pr,SWAT,SWAT,23,0.09683794466403163,0.05815923207227556,0.03867871259175607,False
task,low_frequency_energy_ratio_mean,delta_auc_roc,PSM,PSM,23,0.4061264822134388,0.3811405985319029,0.02498588368153587,False
task,low_frequency_energy_ratio_mean,delta_auc_roc,Genesis,Genesis,23,0.4061264822134388,0.4443817052512706,0.0382552230378318,False
task,low_frequency_energy_ratio_mean,delta_auc_roc,GECCO,GECCO,23,0.4061264822134388,0.3811405985319029,0.02498588368153587,False
task,low_frequency_energy_ratio_mean,delta_auc_roc,CalIt2,CalIt2,23,0.4061264822134388,0.4443817052512706,0.0382552230378318,False
task,low_frequency_energy_ratio_mean,delta_auc_roc,NYC,NYC,23,0.4061264822134388,0.5211744776962168,0.11504799548277805,False
task,low_frequency_energy_ratio_mean,delta_auc_roc,MSL,MSL,23,0.4061264822134388,0.3867871259175608,0.019339356295877963,False
task,low_frequency_energy_ratio_mean,delta_auc_roc,ASD_dataset_1,ASD,23,0.4061264822134388,0.4229249011857708,0.01679841897233203,False
task,low_frequency_energy_ratio_mean,delta_auc_roc,ASD_dataset_2,ASD,23,0.4061264822134388,0.4138904573687183,0.0077639751552795455,False
task,low_frequency_energy_ratio_mean,delta_auc_roc,ASD_dataset_3,ASD,23,0.4061264822134388,0.3901750423489555,0.015951439864483274,False
task,low_frequency_energy_ratio_mean,delta_auc_roc,ASD_dataset_4,ASD,23,0.4061264822134388,0.3845285149632976,0.02159796725014118,False
task,low_frequency_energy_ratio_mean,delta_auc_roc,ASD_dataset_5,ASD,23,0.4061264822134388,0.4150197628458499,0.008893280632411127,False
task,low_frequency_energy_ratio_mean,delta_auc_roc,ASD_dataset_6,ASD,23,0.4061264822134388,0.5132693393562959,0.10714285714285715,False
task,low_frequency_energy_ratio_mean,delta_auc_roc,ASD_dataset_7,ASD,23,0.4061264822134388,0.4376058723884812,0.03147939017504242,False
task,low_frequency_energy_ratio_mean,delta_auc_roc,ASD_dataset_8,ASD,23,0.4061264822134388,0.4025974025974026,0.003529079616036157,False
task,low_frequency_energy_ratio_mean,delta_auc_roc,ASD_dataset_9,ASD,23,0.4061264822134388,0.4116318464144552,0.005505364201016438,False
task,low_frequency_energy_ratio_mean,delta_auc_roc,ASD_dataset_10,ASD,23,0.4061264822134388,0.4138904573687183,0.0077639751552795455,False
task,low_frequency_energy_ratio_mean,delta_auc_roc,ASD_dataset_11,ASD,23,0.4061264822134388,0.3721061547148504,0.034020327498588354,False
task,low_frequency_energy_ratio_mean,delta_auc_roc,ASD_dataset_12,ASD,23,0.4061264822134388,0.41276115189158674,0.006634669678147964,False
task,low_frequency_energy_ratio_mean,delta_auc_roc,CICIDS,CICIDS,23,0.4061264822134388,0.33709768492377196,0.06902879728966682,False
task,low_frequency_energy_ratio_mean,delta_auc_roc,Creditcard,Creditcard,23,0.4061264822134388,0.3811405985319029,0.02498588368153587,False
task,low_frequency_energy_ratio_mean,delta_auc_roc,SMAP,SMAP,23,0.4061264822134388,0.3314511575381141,0.07467532467532467,False
task,low_frequency_energy_ratio_mean,delta_auc_roc,SMD,SMD,23,0.4061264822134388,0.3551665725578769,0.05095990965556185,False
task,low_frequency_energy_ratio_mean,delta_auc_roc,SWAT,SWAT,23,0.4061264822134388,0.36984754376058726,0.03627893845285152,False
task,spectral_entropy,delta_auc_pr,PSM,PSM,23,0.06818181818181818,0.1202710333145116,0.05208921513269342,False
task,spectral_entropy,delta_auc_pr,Genesis,Genesis,23,0.06818181818181818,0.047995482778091486,0.02018633540372669,False
task,spectral_entropy,delta_auc_pr,GECCO,GECCO,23,0.06818181818181818,0.101072840203275,0.03289102202145683,False
task,spectral_entropy,delta_auc_pr,CalIt2,CalIt2,23,0.06818181818181818,0.050254093732354614,0.017927724449463563,False
task,spectral_entropy,delta_auc_pr,NYC,NYC,23,0.06818181818181818,0.07961603613777528,0.011434217955957102,False
task,spectral_entropy,delta_auc_pr,MSL,MSL,23,0.06818181818181818,0.10559006211180126,0.037408243929983084,False
task,spectral_entropy,delta_auc_pr,ASD_dataset_1,ASD,23,0.06818181818181818,0.07961603613777528,0.011434217955957102,False
task,spectral_entropy,delta_auc_pr,ASD_dataset_2,ASD,23,0.06818181818181818,0.08865047995482779,0.020468661773009614,False
task,spectral_entropy,delta_auc_pr,ASD_dataset_3,ASD,23,0.06818181818181818,0.09090909090909091,0.022727272727272735,False
task,spectral_entropy,delta_auc_pr,ASD_dataset_4,ASD,23,0.06818181818181818,0.09090909090909091,0.022727272727272735,False
task,spectral_entropy,delta_auc_pr,ASD_dataset_5,ASD,23,0.06818181818181818,0.044607566346696784,0.023574251835121393,False
task,spectral_entropy,delta_auc_pr,ASD_dataset_6,ASD,23,0.06818181818181818,0.11349520045172222,0.04531338226990404,False
task,spectral_entropy,delta_auc_pr,ASD_dataset_7,ASD,23,0.06818181818181818,0.07284020327498589,0.004658385093167711,False
task,spectral_entropy,delta_auc_pr,ASD_dataset_8,ASD,23,0.06818181818181818,0.06832298136645965,0.0001411631846414685,False
task,spectral_entropy,delta_auc_pr,ASD_dataset_9,ASD,23,0.06818181818181818,0.009599096555618296,0.05858272162619988,False
task,spectral_entropy,delta_auc_pr,ASD_dataset_10,ASD,23,0.06818181818181818,0.08865047995482779,0.020468661773009614,False
task,spectral_entropy,delta_auc_pr,ASD_dataset_11,ASD,23,0.06818181818181818,0.05815923207227556,0.010022586109542618,False
task,spectral_entropy,delta_auc_pr,ASD_dataset_12,ASD,23,0.06818181818181818,-0.009599096555618296,0.07778091473743648,True
task,spectral_entropy,delta_auc_pr,CICIDS,CICIDS,23,0.06818181818181818,0.10559006211180126,0.037408243929983084,False
task,spectral_entropy,delta_auc_pr,Creditcard,Creditcard,23,0.06818181818181818,0.06832298136645965,0.0001411631846414685,False
task,spectral_entropy,delta_auc_pr,SMAP,SMAP,23,0.06818181818181818,0.011857707509881424,0.05632411067193675,False
task,spectral_entropy,delta_auc_pr,SMD,SMD,23,0.06818181818181818,0.1044607566346697,0.03627893845285152,False
task,spectral_entropy,delta_auc_pr,SWAT,SWAT,23,0.06818181818181818,-0.026538678712591763,0.09472049689440994,True
task,spectral_entropy,delta_auc_roc,PSM,PSM,23,-0.19071146245059292,-0.163184641445511,0.027526821005081914,False
task,spectral_entropy,delta_auc_roc,Genesis,Genesis,23,-0.19071146245059292,-0.1993224167137211,0.00861095426312819,False
task,spectral_entropy,delta_auc_roc,GECCO,GECCO,23,-0.19071146245059292,-0.163184641445511,0.027526821005081914,False
task,spectral_entropy,delta_auc_roc,CalIt2,CalIt2,23,-0.19071146245059292,-0.24675324675324675,0.05604178430265383,False
task,spectral_entropy,delta_auc_roc,NYC,NYC,23,-0.19071146245059292,-0.18238283455674761,0.008328627893845308,False
task,spectral_entropy,delta_auc_roc,MSL,MSL,23,-0.19071146245059292,-0.25014116318464147,0.059429700734048546,False
task,spectral_entropy,delta_auc_roc,ASD_dataset_1,ASD,23,-0.19071146245059292,-0.20609824957651046,0.01538678712591754,False
task,spectral_entropy,delta_auc_roc,ASD_dataset_2,ASD,23,-0.19071146245059292,-0.20383963862224735,0.013128176171654432,False
task,spectral_entropy,delta_auc_roc,ASD_dataset_3,ASD,23,-0.19071146245059292,-0.18690005646527386,0.0038114059853190663,False
task,spectral_entropy,delta_auc_roc,ASD_dataset_4,ASD,23,-0.19071146245059292,-0.189158667419537,0.0015527950310559313,False
task,spectral_entropy,delta_auc_roc,ASD_dataset_5,ASD,23,-0.19071146245059292,-0.20835686053077357,0.017645398080180646,False
task,spectral_entropy,delta_auc_roc,ASD_dataset_6,ASD,23,-0.19071146245059292,-0.1552795031055901,0.03543195934500282,False
task,spectral_entropy,delta_auc_roc,ASD_dataset_7,ASD,23,-0.19071146245059292,-0.20158102766798422,0.010869565217391297,False
task,spectral_entropy,delta_auc_roc,ASD_dataset_8,ASD,23,-0.19071146245059292,-0.19480519480519481,0.004093732354601892,False
task,spectral_entropy,delta_auc_roc,ASD_dataset_9,ASD,23,-0.19071146245059292,-0.20383963862224735,0.013128176171654432,False
task,spectral_entropy,delta_auc_roc,ASD_dataset_10,ASD,23,-0.19071146245059292,-0.19480519480519481,0.004093732354601892,False
task,spectral_entropy,delta_auc_roc,ASD_dataset_11,ASD,23,-0.19071146245059292,-0.20383963862224735,0.013128176171654432,False
task,spectral_entropy,delta_auc_roc,ASD_dataset_12,ASD,23,-0.19071146245059292,-0.1202710333145116,0.07044042913608133,False
task,spectral_entropy,delta_auc_roc,CICIDS,CICIDS,23,-0.19071146245059292,-0.08187464709203841,0.10883681535855451,False
task,spectral_entropy,delta_auc_roc,Creditcard,Creditcard,23,-0.19071146245059292,-0.13833992094861663,0.05237154150197629,False
task,spectral_entropy,delta_auc_roc,SMAP,SMAP,23,-0.19071146245059292,-0.25804630152456237,0.06733483907396945,False
task,spectral_entropy,delta_auc_roc,SMD,SMD,23,-0.19071146245059292,-0.14398644833427443,0.04672501411631849,False
task,spectral_entropy,delta_auc_roc,SWAT,SWAT,23,-0.19071146245059292,-0.28176171654432525,0.09105025409373232,False
task,periodicity_top3_ratio,delta_auc_pr,PSM,PSM,23,0.15019762845849804,0.13721061547148505,0.012987012987012991,False
task,periodicity_top3_ratio,delta_auc_pr,Genesis,Genesis,23,0.15019762845849804,0.21513269339356297,0.06493506493506493,False
task,periodicity_top3_ratio,delta_auc_pr,GECCO,GECCO,23,0.15019762845849804,0.14737436476566912,0.0028232636928289256,False
task,periodicity_top3_ratio,delta_auc_pr,CalIt2,CalIt2,23,0.15019762845849804,0.14624505928853757,0.003952569169960479,False
task,periodicity_top3_ratio,delta_auc_pr,NYC,NYC,23,0.15019762845849804,0.2941840767927725,0.14398644833427443,False
task,periodicity_top3_ratio,delta_auc_pr,MSL,MSL,23,0.15019762845849804,0.17560700169395824,0.025409373235460192,False
task,periodicity_top3_ratio,delta_auc_pr,ASD_dataset_1,ASD,23,0.15019762845849804,0.17899491812535295,0.02879728966685491,False
task,periodicity_top3_ratio,delta_auc_pr,ASD_dataset_2,ASD,23,0.15019762845849804,0.11688311688311688,0.033314511575381164,False
task,periodicity_top3_ratio,delta_auc_pr,ASD_dataset_3,ASD,23,0.15019762845849804,0.13382269904009036,0.01637492941840768,False
task,periodicity_top3_ratio,delta_auc_pr,ASD_dataset_4,ASD,23,0.15019762845849804,0.11349520045172222,0.036702428006775825,False
task,periodicity_top3_ratio,delta_auc_pr,ASD_dataset_5,ASD,23,0.15019762845849804,0.13043478260869568,0.01976284584980237,False
task,periodicity_top3_ratio,delta_auc_pr,ASD_dataset_6,ASD,23,0.15019762845849804,0.15640880858272163,0.0062111801242235865,False
task,periodicity_top3_ratio,delta_auc_pr,ASD_dataset_7,ASD,23,0.15019762845849804,0.1507622811970638,0.0005646527385657629,False
task,periodicity_top3_ratio,delta_auc_pr,ASD_dataset_8,ASD,23,0.15019762845849804,0.15415019762845852,0.003952569169960479,False
task,periodicity_top3_ratio,delta_auc_pr,ASD_dataset_9,ASD,23,0.15019762845849804,0.21400338791643145,0.0638057594579334,False
task,periodicity_top3_ratio,delta_auc_pr,ASD_dataset_10,ASD,23,0.15019762845849804,0.11123658949745907,0.038961038961038974,False
task,periodicity_top3_ratio,delta_auc_pr,ASD_dataset_11,ASD,23,0.15019762845849804,0.11688311688311688,0.033314511575381164,False
task,periodicity_top3_ratio,delta_auc_pr,ASD_dataset_12,ASD,23,0.15019762845849804,0.1902879728966686,0.040090344438170555,False
task,periodicity_top3_ratio,delta_auc_pr,CICIDS,CICIDS,23,0.15019762845849804,0.13382269904009036,0.01637492941840768,False
task,periodicity_top3_ratio,delta_auc_pr,Creditcard,Creditcard,23,0.15019762845849804,0.1643139469226426,0.014116318464144545,False
task,periodicity_top3_ratio,delta_auc_pr,SMAP,SMAP,23,0.15019762845849804,0.07058159232072277,0.07961603613777528,False
task,periodicity_top3_ratio,delta_auc_pr,SMD,SMD,23,0.15019762845849804,0.12478825522303785,0.025409373235460192,False
task,periodicity_top3_ratio,delta_auc_pr,SWAT,SWAT,23,0.15019762845849804,0.06832298136645965,0.0818746470920384,False
task,periodicity_top3_ratio,delta_auc_roc,PSM,PSM,23,0.4683794466403162,0.4421230942970074,0.02625635234330881,False
task,periodicity_top3_ratio,delta_auc_roc,Genesis,Genesis,23,0.4683794466403162,0.5053642010163749,0.03698475437605869,False
task,periodicity_top3_ratio,delta_auc_roc,GECCO,GECCO,23,0.4683794466403162,0.4421230942970074,0.02625635234330881,False
task,periodicity_top3_ratio,delta_auc_roc,CalIt2,CalIt2,23,0.4683794466403162,0.5053642010163749,0.03698475437605869,False
task,periodicity_top3_ratio,delta_auc_roc,NYC,NYC,23,0.4683794466403162,0.5821569734613213,0.11377752682100511,False
task,periodicity_top3_ratio,delta_auc_roc,MSL,MSL,23,0.4683794466403162,0.4477696216826652,0.020609824957651013,False
task,periodicity_top3_ratio,delta_auc_roc,ASD_dataset_1,ASD,23,0.4683794466403162,0.4895539243365331,0.021174477696216887,False
task,periodicity_top3_ratio,delta_auc_roc,ASD_dataset_2,ASD,23,0.4683794466403162,0.4997176736307172,0.03133822699040095,False
task,periodicity_top3_ratio,delta_auc_roc,ASD_dataset_3,ASD,23,0.4683794466403162,0.4669678147939018,0.0014116318464144073,False
task,periodicity_top3_ratio,delta_auc_roc,ASD_dataset_4,ASD,23,0.4683794466403162,0.4647092038396387,0.0036702428006775145,False
task,periodicity_top3_ratio,delta_auc_roc,ASD_dataset_5,ASD,23,0.4683794466403162,0.47374364765669114,0.005364201016374914,False
task,periodicity_top3_ratio,delta_auc_roc,ASD_dataset_6,ASD,23,0.4683794466403162,0.4805194805194805,0.012140033879164291,False
task,periodicity_top3_ratio,delta_auc_roc,ASD_dataset_7,ASD,23,0.4683794466403162,0.5087521174477697,0.04037267080745349,False
task,periodicity_top3_ratio,delta_auc_roc,ASD_dataset_8,ASD,23,0.4683794466403162,0.4647092038396387,0.0036702428006775145,False
task,periodicity_top3_ratio,delta_auc_roc,ASD_dataset_9,ASD,23,0.4683794466403162,0.4918125352907962,0.023433088650479994,False
task,periodicity_top3_ratio,delta_auc_roc,ASD_dataset_10,ASD,23,0.4683794466403162,0.48277809147374373,0.01439864483342751,False
task,periodicity_top3_ratio,delta_auc_roc,ASD_dataset_11,ASD,23,0.4683794466403162,0.46583850931677023,0.0025409373235459887,False
task,periodicity_top3_ratio,delta_auc_roc,ASD_dataset_12,ASD,23,0.4683794466403162,0.4647092038396387,0.0036702428006775145,False
task,periodicity_top3_ratio,delta_auc_roc,CICIDS,CICIDS,23,0.4683794466403162,0.40824392998306047,0.06013551665725575,False
task,periodicity_top3_ratio,delta_auc_roc,Creditcard,Creditcard,23,0.4683794466403162,0.4421230942970074,0.02625635234330881,False
task,periodicity_top3_ratio,delta_auc_roc,SMAP,SMAP,23,0.4683794466403162,0.4025974025974026,0.0657820440429136,False
task,periodicity_top3_ratio,delta_auc_roc,SMD,SMD,23,0.4683794466403162,0.4138904573687183,0.0544889892715979,False
task,periodicity_top3_ratio,delta_auc_roc,SWAT,SWAT,23,0.4683794466403162,0.4059853190287973,0.06239412761151891,False
task,correlation_drift,delta_auc_pr,PSM,PSM,23,-0.2519762845849803,-0.20948616600790515,0.04249011857707513,False
task,correlation_drift,delta_auc_pr,Genesis,Genesis,23,-0.2519762845849803,-0.3235460191981932,0.07156973461321292,False
task,correlation_drift,delta_auc_pr,GECCO,GECCO,23,-0.2519762845849803,-0.24223602484472054,0.009740259740259744,False
task,correlation_drift,delta_auc_pr,CalIt2,CalIt2,23,-0.2519762845849803,-0.22868435911914178,0.023291925465838498,False
task,correlation_drift,delta_auc_pr,NYC,NYC,23,-0.2519762845849803,-0.39243365330321855,0.14045736871823827,False
task,correlation_drift,delta_auc_pr,MSL,MSL,23,-0.2519762845849803,-0.2907961603613778,0.038819875776397506,False
task,correlation_drift,delta_auc_pr,ASD_dataset_1,ASD,23,-0.2519762845849803,-0.27950310559006214,0.02752682100508186,False
task,correlation_drift,delta_auc_pr,ASD_dataset_2,ASD,23,-0.2519762845849803,-0.24901185770750994,0.0029644268774703386,False
task,correlation_drift,delta_auc_pr,ASD_dataset_3,ASD,23,-0.2519762845849803,-0.2173913043478261,0.03458498023715417,False
task,correlation_drift,delta_auc_pr,ASD_dataset_4,ASD,23,-0.2519762845849803,-0.2173913043478261,0.03458498023715417,False
task,correlation_drift,delta_auc_pr,ASD_dataset_5,ASD,23,-0.2519762845849803,-0.25352907961603616,0.0015527950310558758,False
task,correlation_drift,delta_auc_pr,ASD_dataset_6,ASD,23,-0.2519762845849803,-0.24562394127611523,0.006352343308865055,False
task,correlation_drift,delta_auc_pr,ASD_dataset_7,ASD,23,-0.2519762845849803,-0.22642574816487862,0.02555053642010166,False
task,correlation_drift,delta_auc_pr,ASD_dataset_8,ASD,23,-0.2519762845849803,-0.27950310559006214,0.02752682100508186,False
task,correlation_drift,delta_auc_pr,ASD_dataset_9,ASD,23,-0.2519762845849803,-0.28176171654432525,0.029785431959344966,False
task,correlation_drift,delta_auc_pr,ASD_dataset_10,ASD,23,-0.2519762845849803,-0.2603049124788256,0.008328627893845308,False
task,correlation_drift,delta_auc_pr,ASD_dataset_11,ASD,23,-0.2519762845849803,-0.25127046866177305,0.0007058159232072314,False
task,correlation_drift,delta_auc_pr,ASD_dataset_12,ASD,23,-0.2519762845849803,-0.29192546583850937,0.03994918125352909,False
task,correlation_drift,delta_auc_pr,CICIDS,CICIDS,23,-0.2519762845849803,-0.22303783173348396,0.02893845285149632,False
task,correlation_drift,delta_auc_pr,Creditcard,Creditcard,23,-0.2519762845849803,-0.2603049124788256,0.008328627893845308,False
task,correlation_drift,delta_auc_pr,SMAP,SMAP,23,-0.2519762845849803,-0.18125352907961606,0.07072275550536422,False
task,correlation_drift,delta_auc_pr,SMD,SMD,23,-0.2519762845849803,-0.22303783173348396,0.02893845285149632,False
task,correlation_drift,delta_auc_pr,SWAT,SWAT,23,-0.2519762845849803,-0.15979672501411638,0.0921795595708639,False
task,correlation_drift,delta_auc_roc,PSM,PSM,23,-0.591897233201581,-0.5640880858272164,0.027809147374364684,False
task,correlation_drift,delta_auc_roc,Genesis,Genesis,23,-0.591897233201581,-0.6408808582721628,0.04898362507058174,False
task,correlation_drift,delta_auc_roc,GECCO,GECCO,23,-0.591897233201581,-0.5708639186900057,0.021033314511575307,False
task,correlation_drift,delta_auc_roc,CalIt2,CalIt2,23,-0.591897233201581,-0.5878035008469792,0.0040937323546018645,False
task,correlation_drift,delta_auc_roc,NYC,NYC,23,-0.591897233201581,-0.7052512704686619,0.11335403726708082,False
task,correlation_drift,delta_auc_roc,MSL,MSL,23,-0.591897233201581,-0.5878035008469792,0.0040937323546018645,False
task,correlation_drift,delta_auc_roc,ASD_dataset_1,ASD,23,-0.591897233201581,-0.6239412761151892,0.032044042913608184,False
task,correlation_drift,delta_auc_roc,ASD_dataset_2,ASD,23,-0.591897233201581,-0.5742518351214004,0.01764539808018062,False
task,correlation_drift,delta_auc_roc,ASD_dataset_3,ASD,23,-0.591897233201581,-0.5923207227555054,0.00042348955392434995,False
task,correlation_drift,delta_auc_roc,ASD_dataset_4,ASD,23,-0.591897233201581,-0.5844155844155845,0.007481648785996553,False
task,correlation_drift,delta_auc_roc,ASD_dataset_5,ASD,23,-0.591897233201581,-0.5945793337097686,0.0026821005081875127,False
task,correlation_drift,delta_auc_roc,ASD_dataset_6,ASD,23,-0.591897233201581,-0.5878035008469792,0.0040937323546018645,False
task,correlation_drift,delta_auc_roc,ASD_dataset_7,ASD,23,-0.591897233201581,-0.5878035008469792,0.0040937323546018645,False
task,correlation_drift,delta_auc_roc,ASD_dataset_8,ASD,23,-0.591897233201581,-0.6284584980237156,0.03656126482213451,False
task,correlation_drift,delta_auc_roc,ASD_dataset_9,ASD,23,-0.591897233201581,-0.5990965556182948,0.007199322416713727,False
task,correlation_drift,delta_auc_roc,ASD_dataset_10,ASD,23,-0.591897233201581,-0.6070016939582158,0.015104460756634741,False
task,correlation_drift,delta_auc_roc,ASD_dataset_11,ASD,23,-0.591897233201581,-0.5945793337097686,0.0026821005081875127,False
task,correlation_drift,delta_auc_roc,ASD_dataset_12,ASD,23,-0.591897233201581,-0.5945793337097686,0.0026821005081875127,False
task,correlation_drift,delta_auc_roc,CICIDS,CICIDS,23,-0.591897233201581,-0.5448898927159798,0.04700734048560129,False
task,correlation_drift,delta_auc_roc,Creditcard,Creditcard,23,-0.591897233201581,-0.5810276679841898,0.010869565217391242,False
task,correlation_drift,delta_auc_roc,SMAP,SMAP,23,-0.591897233201581,-0.5448898927159798,0.04700734048560129,False
task,correlation_drift,delta_auc_roc,SMD,SMD,23,-0.591897233201581,-0.5482778091473745,0.0436194240542066,False
task,correlation_drift,delta_auc_roc,SWAT,SWAT,23,-0.591897233201581,-0.5448898927159798,0.04700734048560129,False
task,trend_energy_over_raw,delta_auc_pr,PSM,PSM,23,0.05434782608695652,0.13495200451722192,0.0806041784302654,False
task,trend_energy_over_raw,delta_auc_pr,Genesis,Genesis,23,0.05434782608695652,-0.0016939582156973462,0.056041784302653865,True
task,trend_energy_over_raw,delta_auc_pr,GECCO,GECCO,23,0.05434782608695652,0.1225296442687747,0.06818181818181818,False
task,trend_energy_over_raw,delta_auc_pr,CalIt2,CalIt2,23,0.05434782608695652,0.06832298136645965,0.013975155279503125,False
task,trend_energy_over_raw,delta_auc_pr,NYC,NYC,23,0.05434782608695652,-0.011857707509881424,0.06620553359683795,True
task,trend_energy_over_raw,delta_auc_pr,MSL,MSL,23,0.05434782608695652,0.07396950875211745,0.019621682665160935,False
task,trend_energy_over_raw,delta_auc_pr,ASD_dataset_1,ASD,23,0.05434782608695652,0.0536420101637493,0.0007058159232072175,False
task,trend_energy_over_raw,delta_auc_pr,ASD_dataset_2,ASD,23,0.05434782608695652,0.05815923207227556,0.0038114059853190385,False
task,trend_energy_over_raw,delta_auc_pr,ASD_dataset_3,ASD,23,0.05434782608695652,-0.026538678712591763,0.08088650479954829,True
task,trend_energy_over_raw,delta_auc_pr,ASD_dataset_4,ASD,23,0.05434782608695652,-0.026538678712591763,0.08088650479954829,True
task,trend_energy_over_raw,delta_auc_pr,ASD_dataset_5,ASD,23,0.05434782608695652,0.059288537549407126,0.004940711462450606,False
task,trend_energy_over_raw,delta_auc_pr,ASD_dataset_6,ASD,23,0.05434782608695652,0.07509881422924902,0.020750988142292502,False
task,trend_energy_over_raw,delta_auc_pr,ASD_dataset_7,ASD,23,0.05434782608695652,0.05815923207227556,0.0038114059853190385,False
task,trend_energy_over_raw,delta_auc_pr,ASD_dataset_8,ASD,23,0.05434782608695652,0.06832298136645965,0.013975155279503125,False
task,trend_energy_over_raw,delta_auc_pr,ASD_dataset_9,ASD,23,0.05434782608695652,0.07171089779785433,0.017363071710897814,False
task,trend_energy_over_raw,delta_auc_pr,ASD_dataset_10,ASD,23,0.05434782608695652,0.040090344438170535,0.014257481648785986,False
task,trend_energy_over_raw,delta_auc_pr,ASD_dataset_11,ASD,23,0.05434782608695652,0.05590062111801244,0.0015527950310559174,False
task,trend_energy_over_raw,delta_auc_pr,ASD_dataset_12,ASD,23,0.05434782608695652,0.06041784302653869,0.0060700169395821665,False
task,trend_energy_over_raw,delta_auc_pr,CICIDS,CICIDS,23,0.05434782608695652,0.03896103896103897,0.015386787125917553,False
task,trend_energy_over_raw,delta_auc_pr,Creditcard,Creditcard,23,0.05434782608695652,0.0852625635234331,0.03091473743647658,False
task,trend_energy_over_raw,delta_auc_pr,SMAP,SMAP,23,0.05434782608695652,-0.044607566346696784,0.09895539243365331,True
task,trend_energy_over_raw,delta_auc_pr,SMD,SMD,23,0.05434782608695652,0.10333145115753813,0.048983625070581606,False
task,trend_energy_over_raw,delta_auc_pr,SWAT,SWAT,23,0.05434782608695652,0.13495200451722192,0.0806041784302654,False
task,trend_energy_over_raw,delta_auc_roc,PSM,PSM,23,0.19762845849802374,0.24110671936758896,0.043478260869565216,False
task,trend_energy_over_raw,delta_auc_roc,Genesis,Genesis,23,0.19762845849802374,0.17899491812535295,0.018633540372670787,False
task,trend_energy_over_raw,delta_auc_roc,GECCO,GECCO,23,0.19762845849802374,0.24562394127611523,0.047995482778091486,False
task,trend_energy_over_raw,delta_auc_roc,CalIt2,CalIt2,23,0.19762845849802374,0.21852060982495766,0.020892151326933922,False
task,trend_energy_over_raw,delta_auc_roc,NYC,NYC,23,0.19762845849802374,0.15415019762845852,0.043478260869565216,False
task,trend_energy_over_raw,delta_auc_roc,MSL,MSL,23,0.19762845849802374,0.14624505928853757,0.051383399209486175,False
task,trend_energy_over_raw,delta_auc_roc,ASD_dataset_1,ASD,23,0.19762845849802374,0.1981931112365895,0.0005646527385657629,False
task,trend_energy_over_raw,delta_auc_roc,ASD_dataset_2,ASD,23,0.19762845849802374,0.18690005646527386,0.010728402032749884,False
task,trend_energy_over_raw,delta_auc_roc,ASD_dataset_3,ASD,23,0.19762845849802374,0.16205533596837948,0.03557312252964426,False
task,trend_energy_over_raw,delta_auc_roc,ASD_dataset_4,ASD,23,0.19762845849802374,0.145115753811406,0.05251270468661773,False
task,trend_energy_over_raw,delta_auc_roc,ASD_dataset_5,ASD,23,0.19762845849802374,0.1981931112365895,0.0005646527385657629,False
task,trend_energy_over_raw,delta_auc_roc,ASD_dataset_6,ASD,23,0.19762845849802374,0.24223602484472054,0.0446075663466968,False
task,trend_energy_over_raw,delta_auc_roc,ASD_dataset_7,ASD,23,0.19762845849802374,0.22642574816487862,0.02879728966685488,False
task,trend_energy_over_raw,delta_auc_roc,ASD_dataset_8,ASD,23,0.19762845849802374,0.21626199887069456,0.018633540372670815,False
task,trend_energy_over_raw,delta_auc_roc,ASD_dataset_9,ASD,23,0.19762845849802374,0.22190852625635235,0.02428006775832861,False
task,trend_energy_over_raw,delta_auc_roc,ASD_dataset_10,ASD,23,0.19762845849802374,0.20948616600790515,0.01185770750988141,False
task,trend_energy_over_raw,delta_auc_roc,ASD_dataset_11,ASD,23,0.19762845849802374,0.21513269339356297,0.017504234895539234,False
task,trend_energy_over_raw,delta_auc_roc,ASD_dataset_12,ASD,23,0.19762845849802374,0.21513269339356297,0.017504234895539234,False
task,trend_energy_over_raw,delta_auc_roc,CICIDS,CICIDS,23,0.19762845849802374,0.09881422924901187,0.09881422924901187,False
task,trend_energy_over_raw,delta_auc_roc,Creditcard,Creditcard,23,0.19762845849802374,0.1518915866741954,0.04573687182382835,False
task,trend_energy_over_raw,delta_auc_roc,SMAP,SMAP,23,0.19762845849802374,0.09203839638622249,0.10559006211180125,False
task,trend_energy_over_raw,delta_auc_roc,SMD,SMD,23,0.19762845849802374,0.30434782608695654,0.1067193675889328,False
task,trend_energy_over_raw,delta_auc_roc,SWAT,SWAT,23,0.19762845849802374,0.2670807453416149,0.06945228684359117,False
task,residual_energy_over_raw,delta_auc_pr,PSM,PSM,23,-0.07015810276679843,-0.1575381140598532,0.08738001129305478,False
task,residual_energy_over_raw,delta_auc_pr,Genesis,Genesis,23,-0.07015810276679843,-0.0016939582156973462,0.06846414455110109,False
task,residual_energy_over_raw,delta_auc_pr,GECCO,GECCO,23,-0.07015810276679843,-0.12704686617730096,0.05688876341050253,False
task,residual_energy_over_raw,delta_auc_pr,CalIt2,CalIt2,23,-0.07015810276679843,-0.08187464709203841,0.011716544325239983,False
task,residual_energy_over_raw,delta_auc_pr,NYC,NYC,23,-0.07015810276679843,-0.008469791078486732,0.061688311688311695,False
task,residual_energy_over_raw,delta_auc_pr,MSL,MSL,23,-0.07015810276679843,-0.09994353472614344,0.029785431959345007,False
task,residual_energy_over_raw,delta_auc_pr,ASD_dataset_1,ASD,23,-0.07015810276679843,-0.07509881422924902,0.004940711462450592,False
task,residual_energy_over_raw,delta_auc_pr,ASD_dataset_2,ASD,23,-0.07015810276679843,-0.07171089779785433,0.0015527950310559036,False
task,residual_energy_over_raw,delta_auc_pr,ASD_dataset_3,ASD,23,-0.07015810276679843,0.03896103896103897,0.1091191417278374,True
task,residual_energy_over_raw,delta_auc_pr,ASD_dataset_4,ASD,23,-0.07015810276679843,0.03896103896103897,0.1091191417278374,True
task,residual_energy_over_raw,delta_auc_pr,ASD_dataset_5,ASD,23,-0.07015810276679843,-0.08074534161490683,0.010587238848108402,False
task,residual_energy_over_raw,delta_auc_pr,ASD_dataset_6,ASD,23,-0.07015810276679843,-0.0852625635234331,0.015104460756634672,False
task,residual_energy_over_raw,delta_auc_pr,ASD_dataset_7,ASD,23,-0.07015810276679843,-0.07171089779785433,0.0015527950310559036,False
task,residual_energy_over_raw,delta_auc_pr,ASD_dataset_8,ASD,23,-0.07015810276679843,-0.08074534161490683,0.010587238848108402,False
task,residual_energy_over_raw,delta_auc_pr,ASD_dataset_9,ASD,23,-0.07015810276679843,-0.10559006211180126,0.03543195934500283,False
task,residual_energy_over_raw,delta_auc_pr,ASD_dataset_10,ASD,23,-0.07015810276679843,-0.05590062111801244,0.014257481648785993,False
task,residual_energy_over_raw,delta_auc_pr,ASD_dataset_11,ASD,23,-0.07015810276679843,-0.06832298136645965,0.001835121400338785,False
task,residual_energy_over_raw,delta_auc_pr,ASD_dataset_12,ASD,23,-0.07015810276679843,-0.09768492377188029,0.02752682100508186,False
task,residual_energy_over_raw,delta_auc_pr,CICIDS,CICIDS,23,-0.07015810276679843,-0.06267645398080182,0.0074816487859966085,False
task,residual_energy_over_raw,delta_auc_pr,Creditcard,Creditcard,23,-0.07015810276679843,-0.09994353472614344,0.029785431959345007,False
task,residual_energy_over_raw,delta_auc_pr,SMAP,SMAP,23,-0.07015810276679843,0.011857707509881424,0.08201581027667985,True
task,residual_energy_over_raw,delta_auc_pr,SMD,SMD,23,-0.07015810276679843,-0.09994353472614344,0.029785431959345007,False
task,residual_energy_over_raw,delta_auc_pr,SWAT,SWAT,23,-0.07015810276679843,-0.17108977978543197,0.10093167701863354,False
task,residual_energy_over_raw,delta_auc_roc,PSM,PSM,23,-0.33102766798418976,-0.3822699040090345,0.051242236024844734,False
task,residual_energy_over_raw,delta_auc_roc,Genesis,Genesis,23,-0.33102766798418976,-0.3088650479954828,0.022162619988706944,False
task,residual_energy_over_raw,delta_auc_roc,GECCO,GECCO,23,-0.33102766798418976,-0.365330321852061,0.034302653867871236,False
task,residual_energy_over_raw,delta_auc_roc,CalIt2,CalIt2,23,-0.33102766798418976,-0.36194240542066636,0.030914737436476603,False
task,residual_energy_over_raw,delta_auc_roc,NYC,NYC,23,-0.33102766798418976,-0.29644268774703564,0.03458498023715412,False
task,residual_energy_over_raw,delta_auc_roc,MSL,MSL,23,-0.33102766798418976,-0.2941840767927725,0.03684359119141728,False
task,residual_energy_over_raw,delta_auc_roc,ASD_dataset_1,ASD,23,-0.33102766798418976,-0.3427442123094297,0.011716544325239941,False
task,residual_energy_over_raw,delta_auc_roc,ASD_dataset_2,ASD,23,-0.33102766798418976,-0.32580463015245625,0.005223037831733501,False
task,residual_energy_over_raw,delta_auc_roc,ASD_dataset_3,ASD,23,-0.33102766798418976,-0.28289102202145683,0.04813664596273293,False
task,residual_energy_over_raw,delta_auc_roc,ASD_dataset_4,ASD,23,-0.33102766798418976,-0.2648221343873518,0.06620553359683795,False
task,residual_energy_over_raw,delta_auc_roc,ASD_dataset_5,ASD,23,-0.33102766798418976,-0.3427442123094297,0.011716544325239941,False
task,residual_energy_over_raw,delta_auc_roc,ASD_dataset_6,ASD,23,-0.33102766798418976,-0.3562958780350085,0.02526821005081875,False
task,residual_energy_over_raw,delta_auc_roc,ASD_dataset_7,ASD,23,-0.33102766798418976,-0.3788819875776398,0.047854319593450045,False
task,residual_energy_over_raw,delta_auc_roc,ASD_dataset_8,ASD,23,-0.33102766798418976,-0.34839073969508755,0.017363071710897793,False
task,residual_energy_over_raw,delta_auc_roc,ASD_dataset_9,ASD,23,-0.33102766798418976,-0.34839073969508755,0.017363071710897793,False
task,residual_energy_over_raw,delta_auc_roc,ASD_dataset_10,ASD,23,-0.33102766798418976,-0.32580463015245625,0.005223037831733501,False
task,residual_energy_over_raw,delta_auc_roc,ASD_dataset_11,ASD,23,-0.33102766798418976,-0.36194240542066636,0.030914737436476603,False
task,residual_energy_over_raw,delta_auc_roc,ASD_dataset_12,ASD,23,-0.33102766798418976,-0.32241671372106157,0.00861095426312819,False
task,residual_energy_over_raw,delta_auc_roc,CICIDS,CICIDS,23,-0.33102766798418976,-0.25127046866177305,0.0797571993224167,False
task,residual_energy_over_raw,delta_auc_roc,Creditcard,Creditcard,23,-0.33102766798418976,-0.2941840767927725,0.03684359119141728,False
task,residual_energy_over_raw,delta_auc_roc,SMAP,SMAP,23,-0.33102766798418976,-0.25127046866177305,0.0797571993224167,False
task,residual_energy_over_raw,delta_auc_roc,SMD,SMD,23,-0.33102766798418976,-0.3562958780350085,0.02526821005081875,False
task,residual_energy_over_raw,delta_auc_roc,SWAT,SWAT,23,-0.33102766798418976,-0.43083003952569177,0.09980237154150201,False
task,trend_over_residual_energy,delta_auc_pr,PSM,PSM,23,0.10375494071146245,0.19141727837380013,0.08766233766233768,False
task,trend_over_residual_energy,delta_auc_pr,Genesis,Genesis,23,0.10375494071146245,0.040090344438170535,0.0636645962732919,False
task,trend_over_residual_energy,delta_auc_pr,GECCO,GECCO,23,0.10375494071146245,0.15302089215132694,0.049265951439864494,False
task,trend_over_residual_energy,delta_auc_pr,CalIt2,CalIt2,23,0.10375494071146245,0.1202710333145116,0.01651609260304915,False
task,trend_over_residual_energy,delta_auc_pr,NYC,NYC,23,0.10375494071146245,0.04573687182382835,0.0580180688876341,False
task,trend_over_residual_energy,delta_auc_pr,MSL,MSL,23,0.10375494071146245,0.1259175607001694,0.022162619988706958,False
task,trend_over_residual_energy,delta_auc_pr,ASD_dataset_1,ASD,23,0.10375494071146245,0.1044607566346697,0.0007058159232072453,False
task,trend_over_residual_energy,delta_auc_pr,ASD_dataset_2,ASD,23,0.10375494071146245,0.10897797854319595,0.005223037831733501,False
task,trend_over_residual_energy,delta_auc_pr,ASD_dataset_3,ASD,23,0.10375494071146245,-0.0005646527385657821,0.10431959345002823,True
task,trend_over_residual_energy,delta_auc_pr,ASD_dataset_4,ASD,23,0.10375494071146245,-0.0005646527385657821,0.10431959345002823,True
task,trend_over_residual_energy,delta_auc_pr,ASD_dataset_5,ASD,23,0.10375494071146245,0.1101072840203275,0.006352343308865055,False
task,trend_over_residual_energy,delta_auc_pr,ASD_dataset_6,ASD,23,0.10375494071146245,0.11462450592885377,0.010869565217391325,False
task,trend_over_residual_energy,delta_auc_pr,ASD_dataset_7,ASD,23,0.10375494071146245,0.10897797854319595,0.005223037831733501,False
task,trend_over_residual_energy,delta_auc_pr,ASD_dataset_8,ASD,23,0.10375494071146245,0.11801242236024848,0.014257481648786027,False
task,trend_over_residual_energy,delta_auc_pr,ASD_dataset_9,ASD,23,0.10375494071146245,0.1360813099943535,0.03232636928289105,False
task,trend_over_residual_energy,delta_auc_pr,ASD_dataset_10,ASD,23,0.10375494071146245,0.09994353472614344,0.0038114059853190108,False
task,trend_over_residual_energy,delta_auc_pr,ASD_dataset_11,ASD,23,0.10375494071146245,0.10671936758893281,0.0029644268774703664,False
task,trend_over_residual_energy,delta_auc_pr,ASD_dataset_12,ASD,23,0.10375494071146245,0.12704686617730096,0.02329192546583851,False
task,trend_over_residual_energy,delta_auc_pr,CICIDS,CICIDS,23,0.10375494071146245,0.09655561829474874,0.007199322416713713,False
task,trend_over_residual_energy,delta_auc_pr,Creditcard,Creditcard,23,0.10375494071146245,0.13721061547148505,0.033455674760022605,False
task,trend_over_residual_energy,delta_auc_pr,SMAP,SMAP,23,0.10375494071146245,0.012987012987012988,0.09076792772444946,False
task,trend_over_residual_energy,delta_auc_pr,SMD,SMD,23,0.10375494071146245,0.12817617165443254,0.024421230942970093,False
task,trend_over_residual_energy,delta_auc_pr,SWAT,SWAT,23,0.10375494071146245,0.20158102766798422,0.09782608695652177,False
task,trend_over_residual_energy,delta_auc_roc,PSM,PSM,23,0.3112648221343874,0.36194240542066636,0.05067758328627897,False
task,trend_over_residual_energy,delta_auc_roc,Genesis,Genesis,23,0.3112648221343874,0.2874082439299831,0.02385657820440429,False
task,trend_over_residual_energy,delta_auc_roc,GECCO,GECCO,23,0.3112648221343874,0.3382269904009035,0.026962168266516096,False
task,trend_over_residual_energy,delta_auc_roc,CalIt2,CalIt2,23,0.3112648221343874,0.34048560135516664,0.02922077922077926,False
task,trend_over_residual_energy,delta_auc_roc,NYC,NYC,23,0.3112648221343874,0.2749858836815359,0.03627893845285146,False
task,trend_over_residual_energy,delta_auc_roc,MSL,MSL,23,0.3112648221343874,0.2670807453416149,0.044184076792772475,False
task,trend_over_residual_energy,delta_auc_roc,ASD_dataset_1,ASD,23,0.3112648221343874,0.32128740824393004,0.010022586109542653,False
task,trend_over_residual_energy,delta_auc_roc,ASD_dataset_2,ASD,23,0.3112648221343874,0.30660643704121965,0.004658385093167738,False
task,trend_over_residual_energy,delta_auc_roc,ASD_dataset_3,ASD,23,0.3112648221343874,0.2614342179559571,0.04983060417843027,False
task,trend_over_residual_energy,delta_auc_roc,ASD_dataset_4,ASD,23,0.3112648221343874,0.24223602484472054,0.06902879728966685,False
task,trend_over_residual_energy,delta_auc_roc,ASD_dataset_5,ASD,23,0.3112648221343874,0.32128740824393004,0.010022586109542653,False
task,trend_over_residual_energy,delta_auc_roc,ASD_dataset_6,ASD,23,0.3112648221343874,0.33032185206098247,0.01905702992659508,False
task,trend_over_residual_energy,delta_auc_roc,ASD_dataset_7,ASD,23,0.3112648221343874,0.3562958780350085,0.04503105590062112,False
task,trend_over_residual_energy,delta_auc_roc,ASD_dataset_8,ASD,23,0.3112648221343874,0.32919254658385094,0.017927724449463556,False
task,trend_over_residual_energy,delta_auc_roc,ASD_dataset_9,ASD,23,0.3112648221343874,0.33709768492377196,0.02583286278938457,False
task,trend_over_residual_energy,delta_auc_roc,ASD_dataset_10,ASD,23,0.3112648221343874,0.3167701863354037,0.005505364201016327,False
task,trend_over_residual_energy,delta_auc_roc,ASD_dataset_11,ASD,23,0.3112648221343874,0.34048560135516664,0.02922077922077926,False
task,trend_over_residual_energy,delta_auc_roc,ASD_dataset_12,ASD,23,0.3112648221343874,0.31789949181253535,0.006634669678147964,False
task,trend_over_residual_energy,delta_auc_roc,CICIDS,CICIDS,23,0.3112648221343874,0.22868435911914178,0.0825804630152456,False
task,trend_over_residual_energy,delta_auc_roc,Creditcard,Creditcard,23,0.3112648221343874,0.27272727272727276,0.038537549407114624,False
task,trend_over_residual_energy,delta_auc_roc,SMAP,SMAP,23,0.3112648221343874,0.22190852625635235,0.08935629587803504,False
task,trend_over_residual_energy,delta_auc_roc,SMD,SMD,23,0.3112648221343874,0.36984754376058726,0.058582721626199874,False
task,trend_over_residual_energy,delta_auc_roc,SWAT,SWAT,23,0.3112648221343874,0.39920948616600793,0.08794466403162055,False
paper,channel_count,delta_auc_pr,PSM,PSM,12,-0.15061319069274445,-0.16363636363636366,0.01302317294361921,False
paper,channel_count,delta_auc_pr,Genesis,Genesis,12,-0.15061319069274445,-0.06833730713673078,0.08227588355601367,False
paper,channel_count,delta_auc_pr,GECCO,GECCO,12,-0.15061319069274445,-0.2779050490227052,0.12729185832996073,False
paper,channel_count,delta_auc_pr,CalIt2,CalIt2,12,-0.15061319069274445,0.041002384282038465,0.19161557497478293,True
paper,channel_count,delta_auc_pr,NYC,NYC,12,-0.15061319069274445,-0.34168653568365387,0.19107334499090942,False
paper,channel_count,delta_auc_pr,MSL,MSL,12,-0.15061319069274445,-0.23234684426488467,0.08173365357214021,False
paper,channel_count,delta_auc_pr,ASD,ASD,12,-0.15061319069274445,-0.06833730713673078,0.08227588355601367,False
paper,channel_count,delta_auc_pr,CICIDS,CICIDS,12,-0.15061319069274445,-0.18678863950706415,0.036175448814319694,False
paper,channel_count,delta_auc_pr,Creditcard,Creditcard,12,-0.15061319069274445,-0.15945371665237182,0.008840525959627366,False
paper,channel_count,delta_auc_pr,SMAP,SMAP,12,-0.15061319069274445,-0.16363636363636366,0.01302317294361921,False
paper,channel_count,delta_auc_pr,SMD,SMD,12,-0.15061319069274445,-0.15945371665237182,0.008840525959627366,False
paper,channel_count,delta_auc_pr,SWAT,SWAT,12,-0.15061319069274445,-0.013667461427346159,0.1369457292653983,False
paper,channel_count,delta_auc_roc,PSM,PSM,12,-0.6164632921377448,-0.5818181818181819,0.034645110319562855,False
paper,channel_count,delta_auc_roc,Genesis,Genesis,12,-0.6164632921377448,-0.6195915847063591,0.003128292568614355,False
paper,channel_count,delta_auc_roc,GECCO,GECCO,12,-0.6164632921377448,-0.601368302803231,0.015094989334513809,False
paper,channel_count,delta_auc_roc,CalIt2,CalIt2,12,-0.6164632921377448,-0.5649217389969744,0.05154155314077036,False
paper,channel_count,delta_auc_roc,NYC,NYC,12,-0.6164632921377448,-0.7517103785040387,0.1352470863662939,False
paper,channel_count,delta_auc_roc,MSL,MSL,12,-0.6164632921377448,-0.6788172508915258,0.062353958753781025,False
paper,channel_count,delta_auc_roc,ASD,ASD,12,-0.6164632921377448,-0.6195915847063591,0.003128292568614355,False
paper,channel_count,delta_auc_roc,CICIDS,CICIDS,12,-0.6164632921377448,-0.5011402523360258,0.11532303980171899,False
paper,channel_count,delta_auc_roc,Creditcard,Creditcard,12,-0.6164632921377448,-0.6332590461337052,0.01679575399596045,False
paper,channel_count,delta_auc_roc,SMAP,SMAP,12,-0.6164632921377448,-0.6363636363636364,0.019900344225891597,False
paper,channel_count,delta_auc_roc,SMD,SMD,12,-0.6164632921377448,-0.5785892004243207,0.03787409171342404,False
paper,channel_count,delta_auc_roc,SWAT,SWAT,12,-0.6164632921377448,-0.5785892004243207,0.03787409171342404,False
paper,mean_drift,delta_auc_pr,PSM,PSM,12,0.30069930069930073,0.3727272727272728,0.07202797202797206,False
paper,mean_drift,delta_auc_pr,Genesis,Genesis,12,0.30069930069930073,0.09090909090909091,0.20979020979020982,False
paper,mean_drift,delta_auc_pr,GECCO,GECCO,12,0.30069930069930073,0.3454545454545455,0.04475524475524478,False
paper,mean_drift,delta_auc_pr,CalIt2,CalIt2,12,0.30069930069930073,0.14545454545454548,0.15524475524475526,False
paper,mean_drift,delta_auc_pr,NYC,NYC,12,0.30069930069930073,0.3727272727272728,0.07202797202797206,False
paper,mean_drift,delta_auc_pr,MSL,MSL,12,0.30069930069930073,0.4272727272727273,0.12657342657342657,False
paper,mean_drift,delta_auc_pr,ASD,ASD,12,0.30069930069930073,0.09090909090909091,0.20979020979020982,False
paper,mean_drift,delta_auc_pr,CICIDS,CICIDS,12,0.30069930069930073,0.3727272727272728,0.07202797202797206,False
paper,mean_drift,delta_auc_pr,Creditcard,Creditcard,12,0.30069930069930073,0.38181818181818183,0.0811188811188811,False
paper,mean_drift,delta_auc_pr,SMAP,SMAP,12,0.30069930069930073,0.2545454545454546,0.046153846153846156,False
paper,mean_drift,delta_auc_pr,SMD,SMD,12,0.30069930069930073,0.3727272727272728,0.07202797202797206,False
paper,mean_drift,delta_auc_pr,SWAT,SWAT,12,0.30069930069930073,0.3454545454545455,0.04475524475524478,False
paper,mean_drift,delta_auc_roc,PSM,PSM,12,0.7062937062937064,0.6545454545454547,0.051748251748251706,False
paper,mean_drift,delta_auc_roc,Genesis,Genesis,12,0.7062937062937064,0.6272727272727273,0.07902097902097904,False
paper,mean_drift,delta_auc_roc,GECCO,GECCO,12,0.7062937062937064,0.6727272727272727,0.03356643356643363,False
paper,mean_drift,delta_auc_roc,CalIt2,CalIt2,12,0.7062937062937064,0.6363636363636364,0.06993006993007,False
paper,mean_drift,delta_auc_roc,NYC,NYC,12,0.7062937062937064,0.7454545454545456,0.039160839160839234,False
paper,mean_drift,delta_auc_roc,MSL,MSL,12,0.7062937062937064,0.8181818181818182,0.11188811188811187,False
paper,mean_drift,delta_auc_roc,ASD,ASD,12,0.7062937062937064,0.6272727272727273,0.07902097902097904,False
paper,mean_drift,delta_auc_roc,CICIDS,CICIDS,12,0.7062937062937064,0.7272727272727273,0.020979020979020935,False
paper,mean_drift,delta_auc_roc,Creditcard,Creditcard,12,0.7062937062937064,0.7818181818181819,0.0755244755244755,False
paper,mean_drift,delta_auc_roc,SMAP,SMAP,12,0.7062937062937064,0.690909090909091,0.01538461538461533,False
paper,mean_drift,delta_auc_roc,SMD,SMD,12,0.7062937062937064,0.7181818181818183,0.011888111888111896,False
paper,mean_drift,delta_auc_roc,SWAT,SWAT,12,0.7062937062937064,0.7181818181818183,0.011888111888111896,False
paper,variance_drift,delta_auc_pr,PSM,PSM,12,0.22377622377622378,0.19090909090909092,0.03286713286713286,False
paper,variance_drift,delta_auc_pr,Genesis,Genesis,12,0.22377622377622378,-0.009090909090909092,0.23286713286713287,True
paper,variance_drift,delta_auc_pr,GECCO,GECCO,12,0.22377622377622378,0.28181818181818186,0.05804195804195808,False
paper,variance_drift,delta_auc_pr,CalIt2,CalIt2,12,0.22377622377622378,0.21818181818181823,0.005594405594405549,False
paper,variance_drift,delta_auc_pr,NYC,NYC,12,0.22377622377622378,0.23636363636363636,0.012587412587412583,False
paper,variance_drift,delta_auc_pr,MSL,MSL,12,0.22377622377622378,0.29090909090909095,0.06713286713286717,False
paper,variance_drift,delta_auc_pr,ASD,ASD,12,0.22377622377622378,-0.009090909090909092,0.23286713286713287,True
paper,variance_drift,delta_auc_pr,CICIDS,CICIDS,12,0.22377622377622378,0.22727272727272727,0.003496503496503489,False
paper,variance_drift,delta_auc_pr,Creditcard,Creditcard,12,0.22377622377622378,0.29090909090909095,0.06713286713286717,False
paper,variance_drift,delta_auc_pr,SMAP,SMAP,12,0.22377622377622378,0.3090909090909091,0.0853146853146853,False
paper,variance_drift,delta_auc_pr,SMD,SMD,12,0.22377622377622378,0.3090909090909091,0.0853146853146853,False
paper,variance_drift,delta_auc_pr,SWAT,SWAT,12,0.22377622377622378,0.33636363636363636,0.11258741258741259,False
paper,variance_drift,delta_auc_roc,PSM,PSM,12,0.15384615384615385,0.17272727272727276,0.018881118881118902,False
paper,variance_drift,delta_auc_roc,Genesis,Genesis,12,0.15384615384615385,-0.09090909090909091,0.24475524475524477,True
paper,variance_drift,delta_auc_roc,GECCO,GECCO,12,0.15384615384615385,0.1272727272727273,0.026573426573426567,False
paper,variance_drift,delta_auc_roc,CalIt2,CalIt2,12,0.15384615384615385,0.1272727272727273,0.026573426573426567,False
paper,variance_drift,delta_auc_roc,NYC,NYC,12,0.15384615384615385,0.17272727272727276,0.018881118881118902,False
paper,variance_drift,delta_auc_roc,MSL,MSL,12,0.15384615384615385,0.17272727272727276,0.018881118881118902,False
paper,variance_drift,delta_auc_roc,ASD,ASD,12,0.15384615384615385,-0.09090909090909091,0.24475524475524477,True
paper,variance_drift,delta_auc_roc,CICIDS,CICIDS,12,0.15384615384615385,0.3090909090909091,0.15524475524475523,False
paper,variance_drift,delta_auc_roc,Creditcard,Creditcard,12,0.15384615384615385,0.17272727272727276,0.018881118881118902,False
paper,variance_drift,delta_auc_roc,SMAP,SMAP,12,0.15384615384615385,0.3090909090909091,0.15524475524475523,False
paper,variance_drift,delta_auc_roc,SMD,SMD,12,0.15384615384615385,0.11818181818181818,0.035664335664335675,False
paper,variance_drift,delta_auc_roc,SWAT,SWAT,12,0.15384615384615385,0.3090909090909091,0.15524475524475523,False
paper,low_frequency_energy_ratio_mean,delta_auc_pr,PSM,PSM,12,-0.1958041958041958,-0.14545454545454548,0.05034965034965033,False
paper,low_frequency_energy_ratio_mean,delta_auc_pr,Genesis,Genesis,12,-0.1958041958041958,-0.20000000000000004,0.004195804195804231,False
paper,low_frequency_energy_ratio_mean,delta_auc_pr,GECCO,GECCO,12,-0.1958041958041958,-0.14545454545454548,0.05034965034965033,False
paper,low_frequency_energy_ratio_mean,delta_auc_pr,CalIt2,CalIt2,12,-0.1958041958041958,-0.23636363636363636,0.04055944055944055,False
paper,low_frequency_energy_ratio_mean,delta_auc_pr,NYC,NYC,12,-0.1958041958041958,0.009090909090909092,0.2048951048951049,True
paper,low_frequency_energy_ratio_mean,delta_auc_pr,MSL,MSL,12,-0.1958041958041958,-0.14545454545454548,0.05034965034965033,False
paper,low_frequency_energy_ratio_mean,delta_auc_pr,ASD,ASD,12,-0.1958041958041958,-0.41818181818181827,0.22237762237762246,False
paper,low_frequency_energy_ratio_mean,delta_auc_pr,CICIDS,CICIDS,12,-0.1958041958041958,-0.20000000000000004,0.004195804195804231,False
paper,low_frequency_energy_ratio_mean,delta_auc_pr,Creditcard,Creditcard,12,-0.1958041958041958,-0.19090909090909092,0.00489510489510489,False
paper,low_frequency_energy_ratio_mean,delta_auc_pr,SMAP,SMAP,12,-0.1958041958041958,-0.33636363636363636,0.14055944055944056,False
paper,low_frequency_energy_ratio_mean,delta_auc_pr,SMD,SMD,12,-0.1958041958041958,-0.20000000000000004,0.004195804195804231,False
paper,low_frequency_energy_ratio_mean,delta_auc_pr,SWAT,SWAT,12,-0.1958041958041958,-0.11818181818181818,0.07762237762237763,False
paper,low_frequency_energy_ratio_mean,delta_auc_roc,PSM,PSM,12,0.41958041958041964,0.3727272727272728,0.04685314685314684,False
paper,low_frequency_energy_ratio_mean,delta_auc_roc,Genesis,Genesis,12,0.41958041958041964,0.43636363636363645,0.016783216783216814,False
paper,low_frequency_energy_ratio_mean,delta_auc_roc,GECCO,GECCO,12,0.41958041958041964,0.3727272727272728,0.04685314685314684,False
paper,low_frequency_energy_ratio_mean,delta_auc_roc,CalIt2,CalIt2,12,0.41958041958041964,0.43636363636363645,0.016783216783216814,False
paper,low_frequency_energy_ratio_mean,delta_auc_roc,NYC,NYC,12,0.41958041958041964,0.5818181818181819,0.16223776223776226,False
paper,low_frequency_energy_ratio_mean,delta_auc_roc,MSL,MSL,12,0.41958041958041964,0.5,0.08041958041958036,False
paper,low_frequency_energy_ratio_mean,delta_auc_roc,ASD,ASD,12,0.41958041958041964,0.3090909090909091,0.11048951048951056,False
paper,low_frequency_energy_ratio_mean,delta_auc_roc,CICIDS,CICIDS,12,0.41958041958041964,0.3545454545454546,0.06503496503496503,False
paper,low_frequency_energy_ratio_mean,delta_auc_roc,Creditcard,Creditcard,12,0.41958041958041964,0.46363636363636374,0.044055944055944096,False
paper,low_frequency_energy_ratio_mean,delta_auc_roc,SMAP,SMAP,12,0.41958041958041964,0.3181818181818182,0.10139860139860146,False
paper,low_frequency_energy_ratio_mean,delta_auc_roc,SMD,SMD,12,0.41958041958041964,0.36363636363636365,0.05594405594405599,False
paper,low_frequency_energy_ratio_mean,delta_auc_roc,SWAT,SWAT,12,0.41958041958041964,0.48181818181818187,0.06223776223776223,False
paper,spectral_entropy,delta_auc_pr,PSM,PSM,12,0.18181818181818185,0.19090909090909092,0.009090909090909066,False
paper,spectral_entropy,delta_auc_pr,Genesis,Genesis,12,0.18181818181818185,0.22727272727272727,0.045454545454545414,False
paper,spectral_entropy,delta_auc_pr,GECCO,GECCO,12,0.18181818181818185,0.19090909090909092,0.009090909090909066,False
paper,spectral_entropy,delta_auc_pr,CalIt2,CalIt2,12,0.18181818181818185,0.11818181818181818,0.06363636363636367,False
paper,spectral_entropy,delta_auc_pr,NYC,NYC,12,0.18181818181818185,0.10000000000000002,0.08181818181818183,False
paper,spectral_entropy,delta_auc_pr,MSL,MSL,12,0.18181818181818185,0.38181818181818183,0.19999999999999998,False
paper,spectral_entropy,delta_auc_pr,ASD,ASD,12,0.18181818181818185,0.3090909090909091,0.12727272727272723,False
paper,spectral_entropy,delta_auc_pr,CICIDS,CICIDS,12,0.18181818181818185,0.21818181818181823,0.036363636363636376,False
paper,spectral_entropy,delta_auc_pr,Creditcard,Creditcard,12,0.18181818181818185,0.18181818181818182,2.7755575615628914e-17,False
paper,spectral_entropy,delta_auc_pr,SMAP,SMAP,12,0.18181818181818185,0.02727272727272728,0.15454545454545457,False
paper,spectral_entropy,delta_auc_pr,SMD,SMD,12,0.18181818181818185,0.21818181818181823,0.036363636363636376,False
paper,spectral_entropy,delta_auc_pr,SWAT,SWAT,12,0.18181818181818185,0.009090909090909092,0.17272727272727276,False
paper,spectral_entropy,delta_auc_roc,PSM,PSM,12,0.04195804195804196,0.009090909090909092,0.032867132867132866,False
paper,spectral_entropy,delta_auc_roc,Genesis,Genesis,12,0.04195804195804196,0.08181818181818183,0.03986013986013987,False
paper,spectral_entropy,delta_auc_roc,GECCO,GECCO,12,0.04195804195804196,0.009090909090909092,0.032867132867132866,False
paper,spectral_entropy,delta_auc_roc,CalIt2,CalIt2,12,0.04195804195804196,0.0,0.04195804195804196,True
paper,spectral_entropy,delta_auc_roc,NYC,NYC,12,0.04195804195804196,-0.018181818181818184,0.06013986013986014,True
paper,spectral_entropy,delta_auc_roc,MSL,MSL,12,0.04195804195804196,0.06363636363636364,0.021678321678321684,False
paper,spectral_entropy,delta_auc_roc,ASD,ASD,12,0.04195804195804196,0.13636363636363638,0.09440559440559443,False
paper,spectral_entropy,delta_auc_roc,CICIDS,CICIDS,12,0.04195804195804196,0.3090909090909091,0.2671328671328671,False
paper,spectral_entropy,delta_auc_roc,Creditcard,Creditcard,12,0.04195804195804196,0.06363636363636364,0.021678321678321684,False
paper,spectral_entropy,delta_auc_roc,SMAP,SMAP,12,0.04195804195804196,-0.10000000000000002,0.14195804195804199,True
paper,spectral_entropy,delta_auc_roc,SMD,SMD,12,0.04195804195804196,0.03636363636363637,0.005594405594405591,False
paper,spectral_entropy,delta_auc_roc,SWAT,SWAT,12,0.04195804195804196,-0.10000000000000002,0.14195804195804199,True
paper,periodicity_top3_ratio,delta_auc_pr,PSM,PSM,12,-0.013986013986013986,0.06363636363636364,0.07762237762237763,True
paper,periodicity_top3_ratio,delta_auc_pr,Genesis,Genesis,12,-0.013986013986013986,-0.06363636363636364,0.04965034965034966,False
paper,periodicity_top3_ratio,delta_auc_pr,GECCO,GECCO,12,-0.013986013986013986,0.06363636363636364,0.07762237762237763,True
paper,periodicity_top3_ratio,delta_auc_pr,CalIt2,CalIt2,12,-0.013986013986013986,-0.09090909090909091,0.07692307692307693,False
paper,periodicity_top3_ratio,delta_auc_pr,NYC,NYC,12,-0.013986013986013986,0.21818181818181823,0.2321678321678322,True
paper,periodicity_top3_ratio,delta_auc_pr,MSL,MSL,12,-0.013986013986013986,0.07272727272727274,0.08671328671328672,True
paper,periodicity_top3_ratio,delta_auc_pr,ASD,ASD,12,-0.013986013986013986,-0.19090909090909092,0.17692307692307693,False
paper,periodicity_top3_ratio,delta_auc_pr,CICIDS,CICIDS,12,-0.013986013986013986,0.009090909090909092,0.023076923076923078,True
paper,periodicity_top3_ratio,delta_auc_pr,Creditcard,Creditcard,12,-0.013986013986013986,0.02727272727272728,0.041258741258741266,True
paper,periodicity_top3_ratio,delta_auc_pr,SMAP,SMAP,12,-0.013986013986013986,-0.1272727272727273,0.1132867132867133,False
paper,periodicity_top3_ratio,delta_auc_pr,SMD,SMD,12,-0.013986013986013986,-0.03636363636363637,0.022377622377622385,False
paper,periodicity_top3_ratio,delta_auc_pr,SWAT,SWAT,12,-0.013986013986013986,-0.11818181818181818,0.1041958041958042,False
paper,periodicity_top3_ratio,delta_auc_roc,PSM,PSM,12,0.5314685314685316,0.5,0.03146853146853157,False
paper,periodicity_top3_ratio,delta_auc_roc,Genesis,Genesis,12,0.5314685314685316,0.5090909090909091,0.02237762237762242,False
paper,periodicity_top3_ratio,delta_auc_roc,GECCO,GECCO,12,0.5314685314685316,0.5,0.03146853146853157,False
paper,periodicity_top3_ratio,delta_auc_roc,CalIt2,CalIt2,12,0.5314685314685316,0.5090909090909091,0.02237762237762242,False
paper,periodicity_top3_ratio,delta_auc_roc,NYC,NYC,12,0.5314685314685316,0.7090909090909092,0.17762237762237765,False
paper,periodicity_top3_ratio,delta_auc_roc,MSL,MSL,12,0.5314685314685316,0.6272727272727273,0.09580419580419575,False
paper,periodicity_top3_ratio,delta_auc_roc,ASD,ASD,12,0.5314685314685316,0.45454545454545453,0.07692307692307704,False
paper,periodicity_top3_ratio,delta_auc_roc,CICIDS,CICIDS,12,0.5314685314685316,0.5,0.03146853146853157,False
paper,periodicity_top3_ratio,delta_auc_roc,Creditcard,Creditcard,12,0.5314685314685316,0.5909090909090909,0.05944055944055937,False
paper,periodicity_top3_ratio,delta_auc_roc,SMAP,SMAP,12,0.5314685314685316,0.46363636363636374,0.06783216783216783,False
paper,periodicity_top3_ratio,delta_auc_roc,SMD,SMD,12,0.5314685314685316,0.48181818181818187,0.0496503496503497,False
paper,periodicity_top3_ratio,delta_auc_roc,SWAT,SWAT,12,0.5314685314685316,0.48181818181818187,0.0496503496503497,False
paper,correlation_drift,delta_auc_pr,PSM,PSM,12,-0.2867132867132868,-0.26363636363636367,0.023076923076923106,False
paper,correlation_drift,delta_auc_pr,Genesis,Genesis,12,-0.2867132867132868,-0.29090909090909095,0.004195804195804176,False
paper,correlation_drift,delta_auc_pr,GECCO,GECCO,12,-0.2867132867132868,-0.3545454545454546,0.06783216783216783,False
paper,correlation_drift,delta_auc_pr,CalIt2,CalIt2,12,-0.2867132867132868,-0.13636363636363638,0.1503496503496504,False
paper,correlation_drift,delta_auc_pr,NYC,NYC,12,-0.2867132867132868,-0.5090909090909091,0.22237762237762237,False
paper,correlation_drift,delta_auc_pr,MSL,MSL,12,-0.2867132867132868,-0.43636363636363645,0.14965034965034968,False
paper,correlation_drift,delta_auc_pr,ASD,ASD,12,-0.2867132867132868,-0.20909090909090913,0.07762237762237764,False
paper,correlation_drift,delta_auc_pr,CICIDS,CICIDS,12,-0.2867132867132868,-0.28181818181818186,0.004895104895104918,False
paper,correlation_drift,delta_auc_pr,Creditcard,Creditcard,12,-0.2867132867132868,-0.29090909090909095,0.004195804195804176,False
paper,correlation_drift,delta_auc_pr,SMAP,SMAP,12,-0.2867132867132868,-0.21818181818181823,0.06853146853146855,False
paper,correlation_drift,delta_auc_pr,SMD,SMD,12,-0.2867132867132868,-0.28181818181818186,0.004895104895104918,False
paper,correlation_drift,delta_auc_pr,SWAT,SWAT,12,-0.2867132867132868,-0.14545454545454548,0.1412587412587413,False
paper,correlation_drift,delta_auc_roc,PSM,PSM,12,-0.5944055944055945,-0.5545454545454546,0.03986013986013992,False
paper,correlation_drift,delta_auc_roc,Genesis,Genesis,12,-0.5944055944055945,-0.6181818181818182,0.02377622377622368,False
paper,correlation_drift,delta_auc_roc,GECCO,GECCO,12,-0.5944055944055945,-0.5545454545454546,0.03986013986013992,False
paper,correlation_drift,delta_auc_roc,CalIt2,CalIt2,12,-0.5944055944055945,-0.5363636363636364,0.05804195804195811,False
paper,correlation_drift,delta_auc_roc,NYC,NYC,12,-0.5944055944055945,-0.7181818181818183,0.12377622377622377,False
paper,correlation_drift,delta_auc_roc,MSL,MSL,12,-0.5944055944055945,-0.7181818181818183,0.12377622377622377,False
paper,correlation_drift,delta_auc_roc,ASD,ASD,12,-0.5944055944055945,-0.5545454545454546,0.03986013986013992,False
paper,correlation_drift,delta_auc_roc,CICIDS,CICIDS,12,-0.5944055944055945,-0.5545454545454546,0.03986013986013992,False
paper,correlation_drift,delta_auc_roc,Creditcard,Creditcard,12,-0.5944055944055945,-0.6363636363636364,0.04195804195804187,False
paper,correlation_drift,delta_auc_roc,SMAP,SMAP,12,-0.5944055944055945,-0.5545454545454546,0.03986013986013992,False
paper,correlation_drift,delta_auc_roc,SMD,SMD,12,-0.5944055944055945,-0.5272727272727273,0.06713286713286715,False
paper,correlation_drift,delta_auc_roc,SWAT,SWAT,12,-0.5944055944055945,-0.5545454545454546,0.03986013986013992,False
paper,trend_energy_over_raw,delta_auc_pr,PSM,PSM,12,-0.16083916083916086,-0.08181818181818183,0.07902097902097903,False
paper,trend_energy_over_raw,delta_auc_pr,Genesis,Genesis,12,-0.16083916083916086,-0.22727272727272727,0.0664335664335664,False
paper,trend_energy_over_raw,delta_auc_pr,GECCO,GECCO,12,-0.16083916083916086,-0.10000000000000002,0.06083916083916084,False
paper,trend_energy_over_raw,delta_auc_pr,CalIt2,CalIt2,12,-0.16083916083916086,-0.15454545454545454,0.006293706293706319,False
paper,trend_energy_over_raw,delta_auc_pr,NYC,NYC,12,-0.16083916083916086,-0.20000000000000004,0.03916083916083918,False
paper,trend_energy_over_raw,delta_auc_pr,MSL,MSL,12,-0.16083916083916086,-0.1272727272727273,0.03356643356643357,False
paper,trend_energy_over_raw,delta_auc_pr,ASD,ASD,12,-0.16083916083916086,-0.22727272727272727,0.0664335664335664,False
paper,trend_energy_over_raw,delta_auc_pr,CICIDS,CICIDS,12,-0.16083916083916086,-0.17272727272727276,0.011888111888111896,False
paper,trend_energy_over_raw,delta_auc_pr,Creditcard,Creditcard,12,-0.16083916083916086,-0.08181818181818183,0.07902097902097903,False
paper,trend_energy_over_raw,delta_auc_pr,SMAP,SMAP,12,-0.16083916083916086,-0.3454545454545455,0.18461538461538465,False
paper,trend_energy_over_raw,delta_auc_pr,SMD,SMD,12,-0.16083916083916086,-0.15454545454545454,0.006293706293706319,False
paper,trend_energy_over_raw,delta_auc_pr,SWAT,SWAT,12,-0.16083916083916086,-0.02727272727272728,0.13356643356643358,False
paper,trend_energy_over_raw,delta_auc_roc,PSM,PSM,12,0.25874125874125875,0.20000000000000004,0.05874125874125871,False
paper,trend_energy_over_raw,delta_auc_roc,Genesis,Genesis,12,0.25874125874125875,0.26363636363636367,0.004895104895104918,False
paper,trend_energy_over_raw,delta_auc_roc,GECCO,GECCO,12,0.25874125874125875,0.23636363636363636,0.02237762237762239,False
paper,trend_energy_over_raw,delta_auc_roc,CalIt2,CalIt2,12,0.25874125874125875,0.30000000000000004,0.041258741258741294,False
paper,trend_energy_over_raw,delta_auc_roc,NYC,NYC,12,0.25874125874125875,0.26363636363636367,0.004895104895104918,False
paper,trend_energy_over_raw,delta_auc_roc,MSL,MSL,12,0.25874125874125875,0.24545454545454545,0.013286713286713298,False
paper,trend_energy_over_raw,delta_auc_roc,ASD,ASD,12,0.25874125874125875,0.26363636363636367,0.004895104895104918,False
paper,trend_energy_over_raw,delta_auc_roc,CICIDS,CICIDS,12,0.25874125874125875,0.14545454545454548,0.11328671328671328,False
paper,trend_energy_over_raw,delta_auc_roc,Creditcard,Creditcard,12,0.25874125874125875,0.28181818181818186,0.023076923076923106,False
paper,trend_energy_over_raw,delta_auc_roc,SMAP,SMAP,12,0.25874125874125875,0.10000000000000002,0.15874125874125872,False
paper,trend_energy_over_raw,delta_auc_roc,SMD,SMD,12,0.25874125874125875,0.4090909090909091,0.15034965034965037,False
paper,trend_energy_over_raw,delta_auc_roc,SWAT,SWAT,12,0.25874125874125875,0.36363636363636365,0.1048951048951049,False
paper,residual_energy_over_raw,delta_auc_pr,PSM,PSM,12,0.2517482517482518,0.17272727272727276,0.07902097902097902,False
paper,residual_energy_over_raw,delta_auc_pr,Genesis,Genesis,12,0.2517482517482518,0.39090909090909093,0.13916083916083916,False
paper,residual_energy_over_raw,delta_auc_pr,GECCO,GECCO,12,0.2517482517482518,0.14545454545454548,0.1062937062937063,False
paper,residual_energy_over_raw,delta_auc_pr,CalIt2,CalIt2,12,0.2517482517482518,0.28181818181818186,0.030069930069930084,False
paper,residual_energy_over_raw,delta_auc_pr,NYC,NYC,12,0.2517482517482518,0.30000000000000004,0.04825174825174827,False
paper,residual_energy_over_raw,delta_auc_pr,MSL,MSL,12,0.2517482517482518,0.20000000000000004,0.05174825174825173,False
paper,residual_energy_over_raw,delta_auc_pr,ASD,ASD,12,0.2517482517482518,0.3545454545454546,0.10279720279720284,False
paper,residual_energy_over_raw,delta_auc_pr,CICIDS,CICIDS,12,0.2517482517482518,0.26363636363636367,0.011888111888111896,False
paper,residual_energy_over_raw,delta_auc_pr,Creditcard,Creditcard,12,0.2517482517482518,0.20000000000000004,0.05174825174825173,False
paper,residual_energy_over_raw,delta_auc_pr,SMAP,SMAP,12,0.2517482517482518,0.39090909090909093,0.13916083916083916,False
paper,residual_energy_over_raw,delta_auc_pr,SMD,SMD,12,0.2517482517482518,0.23636363636363636,0.015384615384615413,False
paper,residual_energy_over_raw,delta_auc_pr,SWAT,SWAT,12,0.2517482517482518,0.05454545454545456,0.1972027972027972,False
paper,residual_energy_over_raw,delta_auc_roc,PSM,PSM,12,-0.25874125874125875,-0.19090909090909092,0.06783216783216783,False
paper,residual_energy_over_raw,delta_auc_roc,Genesis,Genesis,12,-0.25874125874125875,-0.20000000000000004,0.05874125874125871,False
paper,residual_energy_over_raw,delta_auc_roc,GECCO,GECCO,12,-0.25874125874125875,-0.23636363636363636,0.02237762237762239,False
paper,residual_energy_over_raw,delta_auc_roc,CalIt2,CalIt2,12,-0.25874125874125875,-0.29090909090909095,0.0321678321678322,False
paper,residual_energy_over_raw,delta_auc_roc,NYC,NYC,12,-0.25874125874125875,-0.26363636363636367,0.004895104895104918,False
paper,residual_energy_over_raw,delta_auc_roc,MSL,MSL,12,-0.25874125874125875,-0.28181818181818186,0.023076923076923106,False
paper,residual_energy_over_raw,delta_auc_roc,ASD,ASD,12,-0.25874125874125875,-0.26363636363636367,0.004895104895104918,False
paper,residual_energy_over_raw,delta_auc_roc,CICIDS,CICIDS,12,-0.25874125874125875,-0.14545454545454548,0.11328671328671328,False
paper,residual_energy_over_raw,delta_auc_roc,Creditcard,Creditcard,12,-0.25874125874125875,-0.28181818181818186,0.023076923076923106,False
paper,residual_energy_over_raw,delta_auc_roc,SMAP,SMAP,12,-0.25874125874125875,-0.14545454545454548,0.11328671328671328,False
paper,residual_energy_over_raw,delta_auc_roc,SMD,SMD,12,-0.25874125874125875,-0.3272727272727273,0.06853146853146858,False
paper,residual_energy_over_raw,delta_auc_roc,SWAT,SWAT,12,-0.25874125874125875,-0.43636363636363645,0.1776223776223777,False
paper,trend_over_residual_energy,delta_auc_pr,PSM,PSM,12,-0.18181818181818185,-0.10000000000000002,0.08181818181818183,False
paper,trend_over_residual_energy,delta_auc_pr,Genesis,Genesis,12,-0.18181818181818185,-0.30000000000000004,0.1181818181818182,False
paper,trend_over_residual_energy,delta_auc_pr,GECCO,GECCO,12,-0.18181818181818185,-0.10000000000000002,0.08181818181818183,False
paper,trend_over_residual_energy,delta_auc_pr,CalIt2,CalIt2,12,-0.18181818181818185,-0.19090909090909092,0.009090909090909066,False
paper,trend_over_residual_energy,delta_auc_pr,NYC,NYC,12,-0.18181818181818185,-0.21818181818181823,0.036363636363636376,False
paper,trend_over_residual_energy,delta_auc_pr,MSL,MSL,12,-0.18181818181818185,-0.16363636363636366,0.018181818181818188,False
paper,trend_over_residual_energy,delta_auc_pr,ASD,ASD,12,-0.18181818181818185,-0.26363636363636367,0.08181818181818182,False
paper,trend_over_residual_energy,delta_auc_pr,CICIDS,CICIDS,12,-0.18181818181818185,-0.18181818181818182,2.7755575615628914e-17,False
paper,trend_over_residual_energy,delta_auc_pr,Creditcard,Creditcard,12,-0.18181818181818185,-0.11818181818181818,0.06363636363636367,False
paper,trend_over_residual_energy,delta_auc_pr,SMAP,SMAP,12,-0.18181818181818185,-0.36363636363636365,0.1818181818181818,False
paper,trend_over_residual_energy,delta_auc_pr,SMD,SMD,12,-0.18181818181818185,-0.15454545454545454,0.02727272727272731,False
paper,trend_over_residual_energy,delta_auc_pr,SWAT,SWAT,12,-0.18181818181818185,0.0,0.18181818181818185,True
paper,trend_over_residual_energy,delta_auc_roc,PSM,PSM,12,0.3356643356643357,0.28181818181818186,0.05384615384615382,False
paper,trend_over_residual_energy,delta_auc_roc,Genesis,Genesis,12,0.3356643356643357,0.30000000000000004,0.035664335664335634,False
paper,trend_over_residual_energy,delta_auc_roc,GECCO,GECCO,12,0.3356643356643357,0.28181818181818186,0.05384615384615382,False
paper,trend_over_residual_energy,delta_auc_roc,CalIt2,CalIt2,12,0.3356643356643357,0.39090909090909093,0.05524475524475525,False
paper,trend_over_residual_energy,delta_auc_roc,NYC,NYC,12,0.3356643356643357,0.3454545454545455,0.009790209790209836,False
paper,trend_over_residual_energy,delta_auc_roc,MSL,MSL,12,0.3356643356643357,0.3272727272727273,0.008391608391608352,False
paper,trend_over_residual_energy,delta_auc_roc,ASD,ASD,12,0.3356643356643357,0.36363636363636365,0.02797202797202797,False
paper,trend_over_residual_energy,delta_auc_roc,CICIDS,CICIDS,12,0.3356643356643357,0.24545454545454545,0.09020979020979022,False
paper,trend_over_residual_energy,delta_auc_roc,Creditcard,Creditcard,12,0.3356643356643357,0.36363636363636365,0.02797202797202797,False
paper,trend_over_residual_energy,delta_auc_roc,SMAP,SMAP,12,0.3356643356643357,0.20000000000000004,0.13566433566433564,False
paper,trend_over_residual_energy,delta_auc_roc,SMD,SMD,12,0.3356643356643357,0.4090909090909091,0.07342657342657344,False
paper,trend_over_residual_energy,delta_auc_roc,SWAT,SWAT,12,0.3356643356643357,0.4727272727272727,0.13706293706293704,False
