task,paper_dataset,dataset_file,source_complete,source_conflict,source_conflict_detail,official_source_script,command_wrapper_script,command_resolved_script,fallback_source_script,source_script_sha256,fallback_script_sha256,config_path,data_name,model_name,seed,gpus,num_workers,timeout,batch_size,cf_dim,d_ff,d_model,dropout,e_layers,head_dim,lr,n_heads,patience,seq_len,patch_size,patch_stride,num_epochs,parameter_origin_json,catch_model_hyper_params_json,effective_catch_model_hyper_params_json,typefusion_hyper_params_json,typefusion_compatibility_override,baseline_report,source_catch_master_commit,baseline_report_valid,baseline_metric_available,baseline_metric_name,baseline_metric_value,baseline_requires_fair_rerun,gecco_fairness_override,direct_baseline_comparable,original_batch_size,final_batch_size,oom_log,catch_rerun_required
ASD_dataset_1,ASD,ASD_dataset_1.csv,True,False,,/media/h3c/users/wangyueyang1/cxy/CATCH-master/result/score/CATCH/ASD_dataset_1/run-20260715T120733Z-1347582-29581/official_CATCH.sh,/media/h3c/users/wangyueyang1/cxy/CATCH-master/result/score/CATCH/ASD_dataset_1/run-20260715T120733Z-1347582-29581/command.sh,/media/h3c/users/wangyueyang1/cxy/CATCH-master/scripts/multivariate_detection/detect_score/ASD_dataset_1_script/CATCH.sh,/media/h3c/users/wangyueyang1/cxy/CATCH-master/scripts/multivariate_detection/detect_score/ASD_dataset_1_script/CATCH.sh,3922f61678f7fa7518b954875e35ac7f0ebf1088cccc1c899c522c69ef625b4f,3922f61678f7fa7518b954875e35ac7f0ebf1088cccc1c899c522c69ef625b4f,unfixed_detect_score_multi_config.json,ASD_dataset_1.csv,catch.CATCH,2021,0,1,60000,128,4,256,256,0.2,3,32,0.0001,16,3,192,16,16,5,"{""batch_size"":""official_CATCH.sh"",""cf_dim"":""official_CATCH.sh"",""d_ff"":""official_CATCH.sh"",""d_model"":""official_CATCH.sh"",""dropout"":""CATCH.py default"",""e_layers"":""official_CATCH.sh"",""head_dim"":""official_CATCH.sh"",""lr"":""official_CATCH.sh"",""n_heads"":""official_CATCH.sh"",""num_epochs"":""official_CATCH.sh"",""patch_size"":""official_CATCH.sh"",""patch_stride"":""official_CATCH.sh"",""patience"":""CATCH.py default"",""seq_len"":""official_CATCH.sh""}","{""Mlr"":1e-05,""auxi_lambda"":0.1,""batch_size"":128,""cf_dim"":4,""d_ff"":256,""d_model"":256,""dc_lambda"":0.1,""e_layers"":3,""head_dim"":32,""inference_patch_size"":32,""lr"":0.0001,""n_heads"":16,""num_epochs"":5,""patch_size"":16,""patch_stride"":16,""seq_len"":192}","{""Mlr"":1e-05,""affine"":0,""anomaly_ratio"":[0.1,0.5,1.0,2,3,5.0,10.0,15,20,25],""auxi_lambda"":0.1,""auxi_loss"":""MAE"",""auxi_mode"":""fft"",""auxi_type"":""complex"",""batch_size"":128,""cf_dim"":4,""d_ff"":256,""d_model"":256,""dc_lambda"":0.1,""dropout"":0.2,""e_layers"":3,""head_dim"":32,""head_dropout"":0.1,""individual"":0,""inference_patch_size"":32,""inference_patch_stride"":1,""lr"":0.0001,""lradj"":""type1"",""mask"":false,""module_first"":true,""n_heads"":16,""num_epochs"":5,""patch_size"":16,""patch_stride"":16,""patience"":3,""pct_start"":0.3,""pretrained_model"":null,""regular_lambda"":0.5,""revin"":1,""score_lambda"":0.05,""seq_len"":192,""subtract_last"":0,""temperature"":0.07}","{""batch_size"":128,""branch_dim"":128,""catch_train_epochs"":5,""cf_dim"":4,""d_ff"":256,""d_model"":256,""dropout"":0.2,""e_layers"":3,""fit_mode"":""three_stage"",""fusion_heads"":4,""fusion_layers"":2,""head_dim"":32,""joint_finetune_lr_scale"":0.1,""lambda_freq"":0.1,""lambda_mask"":0.1,""lr"":0.0001,""memory_size"":32,""memory_topk"":4,""n_heads"":4,""patch_size"":16,""patch_stride"":16,""patience"":3,""pattern_mask_ratio"":0.25,""relation_mask_groups"":4,""seed"":2021,""seq_len"":192,""temporal_hidden_dim"":128,""temporal_layers"":3,""training_budget_mode"":""equal_total_steps""}",n_heads:16->4;cf_dim=4;TypeFusion MultiheadAttention divisibility,/media/h3c/users/wangyueyang1/cxy/CATCH-master/result/score/CATCH/ASD_dataset_1/run-20260715T120733Z-1347582-29581/test_report.1784117687.h3c-R5500-G5.1349346.csv,aedcc2512baa7e518829ec5d1a90c3e9837202c1,True,True,auc_roc,0.4971756168309036,False,False,True,128,128,,False
ASD_dataset_2,ASD,ASD_dataset_2.csv,True,False,,/media/h3c/users/wangyueyang1/cxy/CATCH-master/result/score/CATCH/ASD_dataset_2/run-20260715T123513Z-1655293-4562/official_CATCH.sh,/media/h3c/users/wangyueyang1/cxy/CATCH-master/result/score/CATCH/ASD_dataset_2/run-20260715T123513Z-1655293-4562/command.sh,/media/h3c/users/wangyueyang1/cxy/CATCH-master/scripts/multivariate_detection/detect_score/ASD_dataset_2_script/CATCH.sh,/media/h3c/users/wangyueyang1/cxy/CATCH-master/scripts/multivariate_detection/detect_score/ASD_dataset_2_script/CATCH.sh,8cf86bf039ca9cd65560a2d8646f95f286e53760d9af614cc73b6cfbfc2b2cd2,8cf86bf039ca9cd65560a2d8646f95f286e53760d9af614cc73b6cfbfc2b2cd2,unfixed_detect_score_multi_config.json,ASD_dataset_2.csv,catch.CATCH,2021,0,1,60000,128,128,128,128,0.2,2,32,0.0001,8,3,192,16,16,10,"{""batch_size"":""official_CATCH.sh"",""cf_dim"":""official_CATCH.sh"",""d_ff"":""official_CATCH.sh"",""d_model"":""official_CATCH.sh"",""dropout"":""CATCH.py default"",""e_layers"":""official_CATCH.sh"",""head_dim"":""official_CATCH.sh"",""lr"":""official_CATCH.sh"",""n_heads"":""official_CATCH.sh"",""num_epochs"":""official_CATCH.sh"",""patch_size"":""official_CATCH.sh"",""patch_stride"":""official_CATCH.sh"",""patience"":""CATCH.py default"",""seq_len"":""official_CATCH.sh""}","{""Mlr"":1e-05,""auxi_lambda"":0.1,""batch_size"":128,""cf_dim"":128,""d_ff"":128,""d_model"":128,""dc_lambda"":0.5,""e_layers"":2,""head_dim"":32,""inference_patch_size"":16,""lr"":0.0001,""n_heads"":8,""num_epochs"":10,""patch_size"":16,""patch_stride"":16,""score_lambda"":0.5,""seq_len"":192,""temperature"":0.07}","{""Mlr"":1e-05,""affine"":0,""anomaly_ratio"":[0.1,0.5,1.0,2,3,5.0,10.0,15,20,25],""auxi_lambda"":0.1,""auxi_loss"":""MAE"",""auxi_mode"":""fft"",""auxi_type"":""complex"",""batch_size"":128,""cf_dim"":128,""d_ff"":128,""d_model"":128,""dc_lambda"":0.5,""dropout"":0.2,""e_layers"":2,""head_dim"":32,""head_dropout"":0.1,""individual"":0,""inference_patch_size"":16,""inference_patch_stride"":1,""lr"":0.0001,""lradj"":""type1"",""mask"":false,""module_first"":true,""n_heads"":8,""num_epochs"":10,""patch_size"":16,""patch_stride"":16,""patience"":3,""pct_start"":0.3,""pretrained_model"":null,""regular_lambda"":0.5,""revin"":1,""score_lambda"":0.5,""seq_len"":192,""subtract_last"":0,""temperature"":0.07}","{""batch_size"":128,""branch_dim"":128,""catch_train_epochs"":10,""cf_dim"":128,""d_ff"":128,""d_model"":128,""dropout"":0.2,""e_layers"":2,""fit_mode"":""three_stage"",""fusion_heads"":4,""fusion_layers"":2,""head_dim"":32,""joint_finetune_lr_scale"":0.1,""lambda_freq"":0.1,""lambda_mask"":0.1,""lr"":0.0001,""memory_size"":32,""memory_topk"":4,""n_heads"":8,""patch_size"":16,""patch_stride"":16,""patience"":3,""pattern_mask_ratio"":0.25,""relation_mask_groups"":4,""seed"":2021,""seq_len"":192,""temporal_hidden_dim"":128,""temporal_layers"":3,""training_budget_mode"":""equal_total_steps""}",,/media/h3c/users/wangyueyang1/cxy/CATCH-master/result/score/CATCH/ASD_dataset_2/run-20260715T123513Z-1655293-4562/test_report.1784119679.h3c-R5500-G5.1657441.csv,aedcc2512baa7e518829ec5d1a90c3e9837202c1,True,True,auc_roc,0.9620846211233082,False,False,True,128,128,,False
ASD_dataset_3,ASD,ASD_dataset_3.csv,True,False,,/media/h3c/users/wangyueyang1/cxy/CATCH-master/result/score/CATCH/ASD_dataset_3/run-20260715T130403Z-1970702-20553/official_CATCH.sh,/media/h3c/users/wangyueyang1/cxy/CATCH-master/result/score/CATCH/ASD_dataset_3/run-20260715T130403Z-1970702-20553/command.sh,/media/h3c/users/wangyueyang1/cxy/CATCH-master/scripts/multivariate_detection/detect_score/ASD_dataset_3_script/CATCH.sh,/media/h3c/users/wangyueyang1/cxy/CATCH-master/scripts/multivariate_detection/detect_score/ASD_dataset_3_script/CATCH.sh,c979f3bb137a07f11177e6d9828d6efc82c641f20153f4a5860b6c6741be5d96,c979f3bb137a07f11177e6d9828d6efc82c641f20153f4a5860b6c6741be5d96,unfixed_detect_score_multi_config.json,ASD_dataset_3.csv,catch.CATCH,2021,0,1,60000,128,128,128,128,0.2,2,32,0.0001,8,3,192,16,16,10,"{""batch_size"":""official_CATCH.sh"",""cf_dim"":""official_CATCH.sh"",""d_ff"":""official_CATCH.sh"",""d_model"":""official_CATCH.sh"",""dropout"":""CATCH.py default"",""e_layers"":""official_CATCH.sh"",""head_dim"":""official_CATCH.sh"",""lr"":""official_CATCH.sh"",""n_heads"":""official_CATCH.sh"",""num_epochs"":""official_CATCH.sh"",""patch_size"":""official_CATCH.sh"",""patch_stride"":""official_CATCH.sh"",""patience"":""CATCH.py default"",""seq_len"":""official_CATCH.sh""}","{""Mlr"":1e-05,""auxi_lambda"":0.1,""batch_size"":128,""cf_dim"":128,""d_ff"":128,""d_model"":128,""dc_lambda"":0.5,""e_layers"":2,""head_dim"":32,""inference_patch_size"":16,""lr"":0.0001,""n_heads"":8,""num_epochs"":10,""patch_size"":16,""patch_stride"":16,""score_lambda"":0.5,""seq_len"":192,""temperature"":0.07}","{""Mlr"":1e-05,""affine"":0,""anomaly_ratio"":[0.1,0.5,1.0,2,3,5.0,10.0,15,20,25],""auxi_lambda"":0.1,""auxi_loss"":""MAE"",""auxi_mode"":""fft"",""auxi_type"":""complex"",""batch_size"":128,""cf_dim"":128,""d_ff"":128,""d_model"":128,""dc_lambda"":0.5,""dropout"":0.2,""e_layers"":2,""head_dim"":32,""head_dropout"":0.1,""individual"":0,""inference_patch_size"":16,""inference_patch_stride"":1,""lr"":0.0001,""lradj"":""type1"",""mask"":false,""module_first"":true,""n_heads"":8,""num_epochs"":10,""patch_size"":16,""patch_stride"":16,""patience"":3,""pct_start"":0.3,""pretrained_model"":null,""regular_lambda"":0.5,""revin"":1,""score_lambda"":0.5,""seq_len"":192,""subtract_last"":0,""temperature"":0.07}","{""batch_size"":128,""branch_dim"":128,""catch_train_epochs"":10,""cf_dim"":128,""d_ff"":128,""d_model"":128,""dropout"":0.2,""e_layers"":2,""fit_mode"":""three_stage"",""fusion_heads"":4,""fusion_layers"":2,""head_dim"":32,""joint_finetune_lr_scale"":0.1,""lambda_freq"":0.1,""lambda_mask"":0.1,""lr"":0.0001,""memory_size"":32,""memory_topk"":4,""n_heads"":8,""patch_size"":16,""patch_stride"":16,""patience"":3,""pattern_mask_ratio"":0.25,""relation_mask_groups"":4,""seed"":2021,""seq_len"":192,""temporal_hidden_dim"":128,""temporal_layers"":3,""training_budget_mode"":""equal_total_steps""}",,/media/h3c/users/wangyueyang1/cxy/CATCH-master/result/score/CATCH/ASD_dataset_3/run-20260715T130403Z-1970702-20553/test_report.1784121522.h3c-R5500-G5.1974015.csv,aedcc2512baa7e518829ec5d1a90c3e9837202c1,True,True,auc_roc,0.8062639890778531,False,False,True,128,128,,False
ASD_dataset_4,ASD,ASD_dataset_4.csv,True,False,,/media/h3c/users/wangyueyang1/cxy/CATCH-master/result/score/CATCH/ASD_dataset_4/run-20260715T134133Z-2385568-17192/official_CATCH.sh,/media/h3c/users/wangyueyang1/cxy/CATCH-master/result/score/CATCH/ASD_dataset_4/run-20260715T134133Z-2385568-17192/command.sh,/media/h3c/users/wangyueyang1/cxy/CATCH-master/scripts/multivariate_detection/detect_score/ASD_dataset_4_script/CATCH.sh,/media/h3c/users/wangyueyang1/cxy/CATCH-master/scripts/multivariate_detection/detect_score/ASD_dataset_4_script/CATCH.sh,87bb8d90f782e2609745d6f9b75d0ce94701ea07d95a7b2ad1cf9303846fba04,87bb8d90f782e2609745d6f9b75d0ce94701ea07d95a7b2ad1cf9303846fba04,unfixed_detect_score_multi_config.json,ASD_dataset_4.csv,catch.CATCH,2021,0,1,60000,128,128,128,128,0.2,2,32,0.0001,8,3,192,16,16,10,"{""batch_size"":""official_CATCH.sh"",""cf_dim"":""official_CATCH.sh"",""d_ff"":""official_CATCH.sh"",""d_model"":""official_CATCH.sh"",""dropout"":""CATCH.py default"",""e_layers"":""official_CATCH.sh"",""head_dim"":""official_CATCH.sh"",""lr"":""official_CATCH.sh"",""n_heads"":""official_CATCH.sh"",""num_epochs"":""official_CATCH.sh"",""patch_size"":""official_CATCH.sh"",""patch_stride"":""official_CATCH.sh"",""patience"":""CATCH.py default"",""seq_len"":""official_CATCH.sh""}","{""Mlr"":1e-05,""auxi_lambda"":0.1,""batch_size"":128,""cf_dim"":128,""d_ff"":128,""d_model"":128,""dc_lambda"":0.5,""e_layers"":2,""head_dim"":32,""inference_patch_size"":16,""lr"":0.0001,""n_heads"":8,""num_epochs"":10,""patch_size"":16,""patch_stride"":16,""score_lambda"":0.5,""seq_len"":192,""temperature"":0.07}","{""Mlr"":1e-05,""affine"":0,""anomaly_ratio"":[0.1,0.5,1.0,2,3,5.0,10.0,15,20,25],""auxi_lambda"":0.1,""auxi_loss"":""MAE"",""auxi_mode"":""fft"",""auxi_type"":""complex"",""batch_size"":128,""cf_dim"":128,""d_ff"":128,""d_model"":128,""dc_lambda"":0.5,""dropout"":0.2,""e_layers"":2,""head_dim"":32,""head_dropout"":0.1,""individual"":0,""inference_patch_size"":16,""inference_patch_stride"":1,""lr"":0.0001,""lradj"":""type1"",""mask"":false,""module_first"":true,""n_heads"":8,""num_epochs"":10,""patch_size"":16,""patch_stride"":16,""patience"":3,""pct_start"":0.3,""pretrained_model"":null,""regular_lambda"":0.5,""revin"":1,""score_lambda"":0.5,""seq_len"":192,""subtract_last"":0,""temperature"":0.07}","{""batch_size"":128,""branch_dim"":128,""catch_train_epochs"":10,""cf_dim"":128,""d_ff"":128,""d_model"":128,""dropout"":0.2,""e_layers"":2,""fit_mode"":""three_stage"",""fusion_heads"":4,""fusion_layers"":2,""head_dim"":32,""joint_finetune_lr_scale"":0.1,""lambda_freq"":0.1,""lambda_mask"":0.1,""lr"":0.0001,""memory_size"":32,""memory_topk"":4,""n_heads"":8,""patch_size"":16,""patch_stride"":16,""patience"":3,""pattern_mask_ratio"":0.25,""relation_mask_groups"":4,""seed"":2021,""seq_len"":192,""temporal_hidden_dim"":128,""temporal_layers"":3,""training_budget_mode"":""equal_total_steps""}",,/media/h3c/users/wangyueyang1/cxy/CATCH-master/result/score/CATCH/ASD_dataset_4/run-20260715T134133Z-2385568-17192/test_report.1784123438.h3c-R5500-G5.2387988.csv,aedcc2512baa7e518829ec5d1a90c3e9837202c1,True,True,auc_roc,0.840160503495526,False,False,True,128,128,,False
ASD_dataset_5,ASD,ASD_dataset_5.csv,True,False,,/media/h3c/users/wangyueyang1/cxy/CATCH-master/result/score/CATCH/ASD_dataset_5/run-20260715T141230Z-2968914-11771/official_CATCH.sh,/media/h3c/users/wangyueyang1/cxy/CATCH-master/result/score/CATCH/ASD_dataset_5/run-20260715T141230Z-2968914-11771/command.sh,/media/h3c/users/wangyueyang1/cxy/CATCH-master/scripts/multivariate_detection/detect_score/ASD_dataset_5_script/CATCH.sh,/media/h3c/users/wangyueyang1/cxy/CATCH-master/scripts/multivariate_detection/detect_score/ASD_dataset_5_script/CATCH.sh,f8dbf622a81f5147d04aef288ae06b27ef365401351f01113cf33d1935614f7c,f8dbf622a81f5147d04aef288ae06b27ef365401351f01113cf33d1935614f7c,unfixed_detect_score_multi_config.json,ASD_dataset_5.csv,catch.CATCH,2021,0,1,60000,128,128,128,128,0.2,2,32,0.0001,8,3,192,16,16,10,"{""batch_size"":""official_CATCH.sh"",""cf_dim"":""official_CATCH.sh"",""d_ff"":""official_CATCH.sh"",""d_model"":""official_CATCH.sh"",""dropout"":""CATCH.py default"",""e_layers"":""official_CATCH.sh"",""head_dim"":""official_CATCH.sh"",""lr"":""official_CATCH.sh"",""n_heads"":""official_CATCH.sh"",""num_epochs"":""official_CATCH.sh"",""patch_size"":""official_CATCH.sh"",""patch_stride"":""official_CATCH.sh"",""patience"":""CATCH.py default"",""seq_len"":""official_CATCH.sh""}","{""Mlr"":1e-05,""auxi_lambda"":0.1,""batch_size"":128,""cf_dim"":128,""d_ff"":128,""d_model"":128,""dc_lambda"":0.5,""e_layers"":2,""head_dim"":32,""inference_patch_size"":16,""lr"":0.0001,""n_heads"":8,""num_epochs"":10,""patch_size"":16,""patch_stride"":16,""score_lambda"":0.5,""seq_len"":192,""temperature"":0.07}","{""Mlr"":1e-05,""affine"":0,""anomaly_ratio"":[0.1,0.5,1.0,2,3,5.0,10.0,15,20,25],""auxi_lambda"":0.1,""auxi_loss"":""MAE"",""auxi_mode"":""fft"",""auxi_type"":""complex"",""batch_size"":128,""cf_dim"":128,""d_ff"":128,""d_model"":128,""dc_lambda"":0.5,""dropout"":0.2,""e_layers"":2,""head_dim"":32,""head_dropout"":0.1,""individual"":0,""inference_patch_size"":16,""inference_patch_stride"":1,""lr"":0.0001,""lradj"":""type1"",""mask"":false,""module_first"":true,""n_heads"":8,""num_epochs"":10,""patch_size"":16,""patch_stride"":16,""patience"":3,""pct_start"":0.3,""pretrained_model"":null,""regular_lambda"":0.5,""revin"":1,""score_lambda"":0.5,""seq_len"":192,""subtract_last"":0,""temperature"":0.07}","{""batch_size"":128,""branch_dim"":128,""catch_train_epochs"":10,""cf_dim"":128,""d_ff"":128,""d_model"":128,""dropout"":0.2,""e_layers"":2,""fit_mode"":""three_stage"",""fusion_heads"":4,""fusion_layers"":2,""head_dim"":32,""joint_finetune_lr_scale"":0.1,""lambda_freq"":0.1,""lambda_mask"":0.1,""lr"":0.0001,""memory_size"":32,""memory_topk"":4,""n_heads"":8,""patch_size"":16,""patch_stride"":16,""patience"":3,""pattern_mask_ratio"":0.25,""relation_mask_groups"":4,""seed"":2021,""seq_len"":192,""temporal_hidden_dim"":128,""temporal_layers"":3,""training_budget_mode"":""equal_total_steps""}",,/media/h3c/users/wangyueyang1/cxy/CATCH-master/result/score/CATCH/ASD_dataset_5/run-20260715T141230Z-2968914-11771/test_report.1784125388.h3c-R5500-G5.2976094.csv,aedcc2512baa7e518829ec5d1a90c3e9837202c1,True,True,auc_roc,0.9435844228590344,False,False,True,128,128,,False
ASD_dataset_6,ASD,ASD_dataset_6.csv,True,False,,/media/h3c/users/wangyueyang1/cxy/CATCH-master/result/score/CATCH/ASD_dataset_6/run-20260715T143325Z-3669526-27356/official_CATCH.sh,/media/h3c/users/wangyueyang1/cxy/CATCH-master/result/score/CATCH/ASD_dataset_6/run-20260715T143325Z-3669526-27356/command.sh,/media/h3c/users/wangyueyang1/cxy/CATCH-master/scripts/multivariate_detection/detect_score/ASD_dataset_6_script/CATCH.sh,/media/h3c/users/wangyueyang1/cxy/CATCH-master/scripts/multivariate_detection/detect_score/ASD_dataset_6_script/CATCH.sh,909f7001afc9e53c3de04bed0eaa77f75d680d52fb5c400e18469d6fc4e66708,909f7001afc9e53c3de04bed0eaa77f75d680d52fb5c400e18469d6fc4e66708,unfixed_detect_score_multi_config.json,ASD_dataset_6.csv,catch.CATCH,2021,0,1,60000,128,128,128,128,0.2,2,32,0.0001,8,3,192,16,16,10,"{""batch_size"":""official_CATCH.sh"",""cf_dim"":""official_CATCH.sh"",""d_ff"":""official_CATCH.sh"",""d_model"":""official_CATCH.sh"",""dropout"":""CATCH.py default"",""e_layers"":""official_CATCH.sh"",""head_dim"":""official_CATCH.sh"",""lr"":""official_CATCH.sh"",""n_heads"":""official_CATCH.sh"",""num_epochs"":""official_CATCH.sh"",""patch_size"":""official_CATCH.sh"",""patch_stride"":""official_CATCH.sh"",""patience"":""CATCH.py default"",""seq_len"":""official_CATCH.sh""}","{""Mlr"":1e-05,""auxi_lambda"":0.1,""batch_size"":128,""cf_dim"":128,""d_ff"":128,""d_model"":128,""dc_lambda"":0.5,""e_layers"":2,""head_dim"":32,""inference_patch_size"":16,""lr"":0.0001,""n_heads"":8,""num_epochs"":10,""patch_size"":16,""patch_stride"":16,""score_lambda"":0.5,""seq_len"":192,""temperature"":0.07}","{""Mlr"":1e-05,""affine"":0,""anomaly_ratio"":[0.1,0.5,1.0,2,3,5.0,10.0,15,20,25],""auxi_lambda"":0.1,""auxi_loss"":""MAE"",""auxi_mode"":""fft"",""auxi_type"":""complex"",""batch_size"":128,""cf_dim"":128,""d_ff"":128,""d_model"":128,""dc_lambda"":0.5,""dropout"":0.2,""e_layers"":2,""head_dim"":32,""head_dropout"":0.1,""individual"":0,""inference_patch_size"":16,""inference_patch_stride"":1,""lr"":0.0001,""lradj"":""type1"",""mask"":false,""module_first"":true,""n_heads"":8,""num_epochs"":10,""patch_size"":16,""patch_stride"":16,""patience"":3,""pct_start"":0.3,""pretrained_model"":null,""regular_lambda"":0.5,""revin"":1,""score_lambda"":0.5,""seq_len"":192,""subtract_last"":0,""temperature"":0.07}","{""batch_size"":128,""branch_dim"":128,""catch_train_epochs"":10,""cf_dim"":128,""d_ff"":128,""d_model"":128,""dropout"":0.2,""e_layers"":2,""fit_mode"":""three_stage"",""fusion_heads"":4,""fusion_layers"":2,""head_dim"":32,""joint_finetune_lr_scale"":0.1,""lambda_freq"":0.1,""lambda_mask"":0.1,""lr"":0.0001,""memory_size"":32,""memory_topk"":4,""n_heads"":8,""patch_size"":16,""patch_stride"":16,""patience"":3,""pattern_mask_ratio"":0.25,""relation_mask_groups"":4,""seed"":2021,""seq_len"":192,""temporal_hidden_dim"":128,""temporal_layers"":3,""training_budget_mode"":""equal_total_steps""}",,/media/h3c/users/wangyueyang1/cxy/CATCH-master/result/score/CATCH/ASD_dataset_6/run-20260715T143325Z-3669526-27356/test_report.1784126625.h3c-R5500-G5.3676661.csv,aedcc2512baa7e518829ec5d1a90c3e9837202c1,True,True,auc_roc,0.8428388690397423,False,False,True,128,128,,False
ASD_dataset_7,ASD,ASD_dataset_7.csv,True,False,,/media/h3c/users/wangyueyang1/cxy/CATCH-master/result/score/CATCH/ASD_dataset_7/run-20260715T150742Z-85080-11778/official_CATCH.sh,/media/h3c/users/wangyueyang1/cxy/CATCH-master/result/score/CATCH/ASD_dataset_7/run-20260715T150742Z-85080-11778/command.sh,/media/h3c/users/wangyueyang1/cxy/CATCH-master/scripts/multivariate_detection/detect_score/ASD_dataset_7_script/CATCH.sh,/media/h3c/users/wangyueyang1/cxy/CATCH-master/scripts/multivariate_detection/detect_score/ASD_dataset_7_script/CATCH.sh,c0b7fca54782d40053d11891084381ca6945e6066cabff5cd8245e13750dc8df,c0b7fca54782d40053d11891084381ca6945e6066cabff5cd8245e13750dc8df,unfixed_detect_score_multi_config.json,ASD_dataset_7.csv,catch.CATCH,2021,0,1,60000,128,128,128,128,0.2,2,32,0.0001,8,3,192,16,16,10,"{""batch_size"":""official_CATCH.sh"",""cf_dim"":""official_CATCH.sh"",""d_ff"":""official_CATCH.sh"",""d_model"":""official_CATCH.sh"",""dropout"":""CATCH.py default"",""e_layers"":""official_CATCH.sh"",""head_dim"":""official_CATCH.sh"",""lr"":""official_CATCH.sh"",""n_heads"":""official_CATCH.sh"",""num_epochs"":""official_CATCH.sh"",""patch_size"":""official_CATCH.sh"",""patch_stride"":""official_CATCH.sh"",""patience"":""CATCH.py default"",""seq_len"":""official_CATCH.sh""}","{""Mlr"":1e-05,""auxi_lambda"":0.1,""batch_size"":128,""cf_dim"":128,""d_ff"":128,""d_model"":128,""dc_lambda"":0.5,""e_layers"":2,""head_dim"":32,""inference_patch_size"":16,""lr"":0.0001,""n_heads"":8,""num_epochs"":10,""patch_size"":16,""patch_stride"":16,""score_lambda"":0.5,""seq_len"":192,""temperature"":0.07}","{""Mlr"":1e-05,""affine"":0,""anomaly_ratio"":[0.1,0.5,1.0,2,3,5.0,10.0,15,20,25],""auxi_lambda"":0.1,""auxi_loss"":""MAE"",""auxi_mode"":""fft"",""auxi_type"":""complex"",""batch_size"":128,""cf_dim"":128,""d_ff"":128,""d_model"":128,""dc_lambda"":0.5,""dropout"":0.2,""e_layers"":2,""head_dim"":32,""head_dropout"":0.1,""individual"":0,""inference_patch_size"":16,""inference_patch_stride"":1,""lr"":0.0001,""lradj"":""type1"",""mask"":false,""module_first"":true,""n_heads"":8,""num_epochs"":10,""patch_size"":16,""patch_stride"":16,""patience"":3,""pct_start"":0.3,""pretrained_model"":null,""regular_lambda"":0.5,""revin"":1,""score_lambda"":0.5,""seq_len"":192,""subtract_last"":0,""temperature"":0.07}","{""batch_size"":128,""branch_dim"":128,""catch_train_epochs"":10,""cf_dim"":128,""d_ff"":128,""d_model"":128,""dropout"":0.2,""e_layers"":2,""fit_mode"":""three_stage"",""fusion_heads"":4,""fusion_layers"":2,""head_dim"":32,""joint_finetune_lr_scale"":0.1,""lambda_freq"":0.1,""lambda_mask"":0.1,""lr"":0.0001,""memory_size"":32,""memory_topk"":4,""n_heads"":8,""patch_size"":16,""patch_stride"":16,""patience"":3,""pattern_mask_ratio"":0.25,""relation_mask_groups"":4,""seed"":2021,""seq_len"":192,""temporal_hidden_dim"":128,""temporal_layers"":3,""training_budget_mode"":""equal_total_steps""}",,/media/h3c/users/wangyueyang1/cxy/CATCH-master/result/score/CATCH/ASD_dataset_7/run-20260715T150742Z-85080-11778/test_report.1784128749.h3c-R5500-G5.87689.csv,aedcc2512baa7e518829ec5d1a90c3e9837202c1,True,True,auc_roc,0.8142835031810813,False,False,True,128,128,,False
ASD_dataset_8,ASD,ASD_dataset_8.csv,True,False,,/media/h3c/users/wangyueyang1/cxy/CATCH-master/result/score/CATCH/ASD_dataset_8/run-20260715T153406Z-377465-29501/official_CATCH.sh,/media/h3c/users/wangyueyang1/cxy/CATCH-master/result/score/CATCH/ASD_dataset_8/run-20260715T153406Z-377465-29501/command.sh,/media/h3c/users/wangyueyang1/cxy/CATCH-master/scripts/multivariate_detection/detect_score/ASD_dataset_8_script/CATCH.sh,/media/h3c/users/wangyueyang1/cxy/CATCH-master/scripts/multivariate_detection/detect_score/ASD_dataset_8_script/CATCH.sh,56d4c9b6852005952e707c7f8c8f8693b604522099610d1bb20dcaa3f3205530,56d4c9b6852005952e707c7f8c8f8693b604522099610d1bb20dcaa3f3205530,unfixed_detect_score_multi_config.json,ASD_dataset_8.csv,catch.CATCH,2021,0,1,60000,128,128,128,128,0.2,2,32,0.0001,8,3,192,16,16,10,"{""batch_size"":""official_CATCH.sh"",""cf_dim"":""official_CATCH.sh"",""d_ff"":""official_CATCH.sh"",""d_model"":""official_CATCH.sh"",""dropout"":""CATCH.py default"",""e_layers"":""official_CATCH.sh"",""head_dim"":""official_CATCH.sh"",""lr"":""official_CATCH.sh"",""n_heads"":""official_CATCH.sh"",""num_epochs"":""official_CATCH.sh"",""patch_size"":""official_CATCH.sh"",""patch_stride"":""official_CATCH.sh"",""patience"":""CATCH.py default"",""seq_len"":""official_CATCH.sh""}","{""Mlr"":1e-05,""auxi_lambda"":0.1,""batch_size"":128,""cf_dim"":128,""d_ff"":128,""d_model"":128,""dc_lambda"":0.5,""e_layers"":2,""head_dim"":32,""inference_patch_size"":16,""lr"":0.0001,""n_heads"":8,""num_epochs"":10,""patch_size"":16,""patch_stride"":16,""score_lambda"":0.5,""seq_len"":192,""temperature"":0.07}","{""Mlr"":1e-05,""affine"":0,""anomaly_ratio"":[0.1,0.5,1.0,2,3,5.0,10.0,15,20,25],""auxi_lambda"":0.1,""auxi_loss"":""MAE"",""auxi_mode"":""fft"",""auxi_type"":""complex"",""batch_size"":128,""cf_dim"":128,""d_ff"":128,""d_model"":128,""dc_lambda"":0.5,""dropout"":0.2,""e_layers"":2,""head_dim"":32,""head_dropout"":0.1,""individual"":0,""inference_patch_size"":16,""inference_patch_stride"":1,""lr"":0.0001,""lradj"":""type1"",""mask"":false,""module_first"":true,""n_heads"":8,""num_epochs"":10,""patch_size"":16,""patch_stride"":16,""patience"":3,""pct_start"":0.3,""pretrained_model"":null,""regular_lambda"":0.5,""revin"":1,""score_lambda"":0.5,""seq_len"":192,""subtract_last"":0,""temperature"":0.07}","{""batch_size"":128,""branch_dim"":128,""catch_train_epochs"":10,""cf_dim"":128,""d_ff"":128,""d_model"":128,""dropout"":0.2,""e_layers"":2,""fit_mode"":""three_stage"",""fusion_heads"":4,""fusion_layers"":2,""head_dim"":32,""joint_finetune_lr_scale"":0.1,""lambda_freq"":0.1,""lambda_mask"":0.1,""lr"":0.0001,""memory_size"":32,""memory_topk"":4,""n_heads"":8,""patch_size"":16,""patch_stride"":16,""patience"":3,""pattern_mask_ratio"":0.25,""relation_mask_groups"":4,""seed"":2021,""seq_len"":192,""temporal_hidden_dim"":128,""temporal_layers"":3,""training_budget_mode"":""equal_total_steps""}",,/media/h3c/users/wangyueyang1/cxy/CATCH-master/result/score/CATCH/ASD_dataset_8/run-20260715T153406Z-377465-29501/test_report.1784130361.h3c-R5500-G5.379417.csv,aedcc2512baa7e518829ec5d1a90c3e9837202c1,True,True,auc_roc,0.8619196823958313,False,False,True,128,128,,False
ASD_dataset_9,ASD,ASD_dataset_9.csv,True,False,,/media/h3c/users/wangyueyang1/cxy/CATCH-master/result/score/CATCH/ASD_dataset_9/run-20260715T155915Z-646428-29264/official_CATCH.sh,/media/h3c/users/wangyueyang1/cxy/CATCH-master/result/score/CATCH/ASD_dataset_9/run-20260715T155915Z-646428-29264/command.sh,/media/h3c/users/wangyueyang1/cxy/CATCH-master/scripts/multivariate_detection/detect_score/ASD_dataset_9_script/CATCH.sh,/media/h3c/users/wangyueyang1/cxy/CATCH-master/scripts/multivariate_detection/detect_score/ASD_dataset_9_script/CATCH.sh,c61cd96af48c0af7f0fddb04e60c7e82f9c784749f7960067f15b7007b57fedc,c61cd96af48c0af7f0fddb04e60c7e82f9c784749f7960067f15b7007b57fedc,unfixed_detect_score_multi_config.json,ASD_dataset_9.csv,catch.CATCH,2021,0,1,60000,128,128,128,128,0.2,2,32,0.0001,8,3,192,16,16,10,"{""batch_size"":""official_CATCH.sh"",""cf_dim"":""official_CATCH.sh"",""d_ff"":""official_CATCH.sh"",""d_model"":""official_CATCH.sh"",""dropout"":""CATCH.py default"",""e_layers"":""official_CATCH.sh"",""head_dim"":""official_CATCH.sh"",""lr"":""official_CATCH.sh"",""n_heads"":""official_CATCH.sh"",""num_epochs"":""official_CATCH.sh"",""patch_size"":""official_CATCH.sh"",""patch_stride"":""official_CATCH.sh"",""patience"":""CATCH.py default"",""seq_len"":""official_CATCH.sh""}","{""Mlr"":1e-05,""auxi_lambda"":0.1,""batch_size"":128,""cf_dim"":128,""d_ff"":128,""d_model"":128,""dc_lambda"":0.5,""e_layers"":2,""head_dim"":32,""inference_patch_size"":16,""lr"":0.0001,""n_heads"":8,""num_epochs"":10,""patch_size"":16,""patch_stride"":16,""score_lambda"":0.5,""seq_len"":192,""temperature"":0.07}","{""Mlr"":1e-05,""affine"":0,""anomaly_ratio"":[0.1,0.5,1.0,2,3,5.0,10.0,15,20,25],""auxi_lambda"":0.1,""auxi_loss"":""MAE"",""auxi_mode"":""fft"",""auxi_type"":""complex"",""batch_size"":128,""cf_dim"":128,""d_ff"":128,""d_model"":128,""dc_lambda"":0.5,""dropout"":0.2,""e_layers"":2,""head_dim"":32,""head_dropout"":0.1,""individual"":0,""inference_patch_size"":16,""inference_patch_stride"":1,""lr"":0.0001,""lradj"":""type1"",""mask"":false,""module_first"":true,""n_heads"":8,""num_epochs"":10,""patch_size"":16,""patch_stride"":16,""patience"":3,""pct_start"":0.3,""pretrained_model"":null,""regular_lambda"":0.5,""revin"":1,""score_lambda"":0.5,""seq_len"":192,""subtract_last"":0,""temperature"":0.07}","{""batch_size"":128,""branch_dim"":128,""catch_train_epochs"":10,""cf_dim"":128,""d_ff"":128,""d_model"":128,""dropout"":0.2,""e_layers"":2,""fit_mode"":""three_stage"",""fusion_heads"":4,""fusion_layers"":2,""head_dim"":32,""joint_finetune_lr_scale"":0.1,""lambda_freq"":0.1,""lambda_mask"":0.1,""lr"":0.0001,""memory_size"":32,""memory_topk"":4,""n_heads"":8,""patch_size"":16,""patch_stride"":16,""patience"":3,""pattern_mask_ratio"":0.25,""relation_mask_groups"":4,""seed"":2021,""seq_len"":192,""temporal_hidden_dim"":128,""temporal_layers"":3,""training_budget_mode"":""equal_total_steps""}",,/media/h3c/users/wangyueyang1/cxy/CATCH-master/result/score/CATCH/ASD_dataset_9/run-20260715T155915Z-646428-29264/test_report.1784131876.h3c-R5500-G5.649174.csv,aedcc2512baa7e518829ec5d1a90c3e9837202c1,True,True,auc_roc,0.8771432947421016,False,False,True,128,128,,False
ASD_dataset_10,ASD,ASD_dataset_10.csv,True,False,,/media/h3c/users/wangyueyang1/cxy/CATCH-master/result/score/CATCH/ASD_dataset_10/run-20260715T120921Z-1368429-738/official_CATCH.sh,/media/h3c/users/wangyueyang1/cxy/CATCH-master/result/score/CATCH/ASD_dataset_10/run-20260715T120921Z-1368429-738/command.sh,/media/h3c/users/wangyueyang1/cxy/CATCH-master/scripts/multivariate_detection/detect_score/ASD_dataset_10_script/CATCH.sh,/media/h3c/users/wangyueyang1/cxy/CATCH-master/scripts/multivariate_detection/detect_score/ASD_dataset_10_script/CATCH.sh,45d67d67dac39fdccabcca0d73b8930025d02fe5942cbdf316a8dae8fa5c1d85,45d67d67dac39fdccabcca0d73b8930025d02fe5942cbdf316a8dae8fa5c1d85,unfixed_detect_score_multi_config.json,ASD_dataset_10.csv,catch.CATCH,2021,0,1,60000,128,128,128,128,0.2,2,32,0.0001,8,3,192,16,16,10,"{""batch_size"":""official_CATCH.sh"",""cf_dim"":""official_CATCH.sh"",""d_ff"":""official_CATCH.sh"",""d_model"":""official_CATCH.sh"",""dropout"":""CATCH.py default"",""e_layers"":""official_CATCH.sh"",""head_dim"":""official_CATCH.sh"",""lr"":""official_CATCH.sh"",""n_heads"":""official_CATCH.sh"",""num_epochs"":""official_CATCH.sh"",""patch_size"":""official_CATCH.sh"",""patch_stride"":""official_CATCH.sh"",""patience"":""CATCH.py default"",""seq_len"":""official_CATCH.sh""}","{""Mlr"":1e-05,""auxi_lambda"":0.1,""batch_size"":128,""cf_dim"":128,""d_ff"":128,""d_model"":128,""dc_lambda"":0.5,""e_layers"":2,""head_dim"":32,""inference_patch_size"":16,""lr"":0.0001,""n_heads"":8,""num_epochs"":10,""patch_size"":16,""patch_stride"":16,""score_lambda"":0.5,""seq_len"":192,""temperature"":0.07}","{""Mlr"":1e-05,""affine"":0,""anomaly_ratio"":[0.1,0.5,1.0,2,3,5.0,10.0,15,20,25],""auxi_lambda"":0.1,""auxi_loss"":""MAE"",""auxi_mode"":""fft"",""auxi_type"":""complex"",""batch_size"":128,""cf_dim"":128,""d_ff"":128,""d_model"":128,""dc_lambda"":0.5,""dropout"":0.2,""e_layers"":2,""head_dim"":32,""head_dropout"":0.1,""individual"":0,""inference_patch_size"":16,""inference_patch_stride"":1,""lr"":0.0001,""lradj"":""type1"",""mask"":false,""module_first"":true,""n_heads"":8,""num_epochs"":10,""patch_size"":16,""patch_stride"":16,""patience"":3,""pct_start"":0.3,""pretrained_model"":null,""regular_lambda"":0.5,""revin"":1,""score_lambda"":0.5,""seq_len"":192,""subtract_last"":0,""temperature"":0.07}","{""batch_size"":128,""branch_dim"":128,""catch_train_epochs"":10,""cf_dim"":128,""d_ff"":128,""d_model"":128,""dropout"":0.2,""e_layers"":2,""fit_mode"":""three_stage"",""fusion_heads"":4,""fusion_layers"":2,""head_dim"":32,""joint_finetune_lr_scale"":0.1,""lambda_freq"":0.1,""lambda_mask"":0.1,""lr"":0.0001,""memory_size"":32,""memory_topk"":4,""n_heads"":8,""patch_size"":16,""patch_stride"":16,""patience"":3,""pattern_mask_ratio"":0.25,""relation_mask_groups"":4,""seed"":2021,""seq_len"":192,""temporal_hidden_dim"":128,""temporal_layers"":3,""training_budget_mode"":""equal_total_steps""}",,/media/h3c/users/wangyueyang1/cxy/CATCH-master/result/score/CATCH/ASD_dataset_10/run-20260715T120921Z-1368429-738/test_report.1784118012.h3c-R5500-G5.1369978.csv,aedcc2512baa7e518829ec5d1a90c3e9837202c1,True,True,auc_roc,0.8574666611421714,False,False,True,128,128,,False
ASD_dataset_11,ASD,ASD_dataset_11.csv,True,False,,/media/h3c/users/wangyueyang1/cxy/CATCH-master/result/score/CATCH/ASD_dataset_11/run-20260715T122849Z-1587674-11538/official_CATCH.sh,/media/h3c/users/wangyueyang1/cxy/CATCH-master/result/score/CATCH/ASD_dataset_11/run-20260715T122849Z-1587674-11538/command.sh,/media/h3c/users/wangyueyang1/cxy/CATCH-master/scripts/multivariate_detection/detect_score/ASD_dataset_11_script/CATCH.sh,/media/h3c/users/wangyueyang1/cxy/CATCH-master/scripts/multivariate_detection/detect_score/ASD_dataset_11_script/CATCH.sh,40e99ac9374b95c0a7da50bd66ff2062a22e8e84c5bb0b3aef0a44f8dbe31267,40e99ac9374b95c0a7da50bd66ff2062a22e8e84c5bb0b3aef0a44f8dbe31267,unfixed_detect_score_multi_config.json,ASD_dataset_11.csv,catch.CATCH,2021,0,1,60000,128,128,128,128,0.2,2,32,0.0001,8,3,192,16,16,10,"{""batch_size"":""official_CATCH.sh"",""cf_dim"":""official_CATCH.sh"",""d_ff"":""official_CATCH.sh"",""d_model"":""official_CATCH.sh"",""dropout"":""CATCH.py default"",""e_layers"":""official_CATCH.sh"",""head_dim"":""official_CATCH.sh"",""lr"":""official_CATCH.sh"",""n_heads"":""official_CATCH.sh"",""num_epochs"":""official_CATCH.sh"",""patch_size"":""official_CATCH.sh"",""patch_stride"":""official_CATCH.sh"",""patience"":""CATCH.py default"",""seq_len"":""official_CATCH.sh""}","{""Mlr"":1e-05,""auxi_lambda"":0.1,""batch_size"":128,""cf_dim"":128,""d_ff"":128,""d_model"":128,""dc_lambda"":0.5,""e_layers"":2,""head_dim"":32,""inference_patch_size"":16,""lr"":0.0001,""n_heads"":8,""num_epochs"":10,""patch_size"":16,""patch_stride"":16,""score_lambda"":0.5,""seq_len"":192,""temperature"":0.07}","{""Mlr"":1e-05,""affine"":0,""anomaly_ratio"":[0.1,0.5,1.0,2,3,5.0,10.0,15,20,25],""auxi_lambda"":0.1,""auxi_loss"":""MAE"",""auxi_mode"":""fft"",""auxi_type"":""complex"",""batch_size"":128,""cf_dim"":128,""d_ff"":128,""d_model"":128,""dc_lambda"":0.5,""dropout"":0.2,""e_layers"":2,""head_dim"":32,""head_dropout"":0.1,""individual"":0,""inference_patch_size"":16,""inference_patch_stride"":1,""lr"":0.0001,""lradj"":""type1"",""mask"":false,""module_first"":true,""n_heads"":8,""num_epochs"":10,""patch_size"":16,""patch_stride"":16,""patience"":3,""pct_start"":0.3,""pretrained_model"":null,""regular_lambda"":0.5,""revin"":1,""score_lambda"":0.5,""seq_len"":192,""subtract_last"":0,""temperature"":0.07}","{""batch_size"":128,""branch_dim"":128,""catch_train_epochs"":10,""cf_dim"":128,""d_ff"":128,""d_model"":128,""dropout"":0.2,""e_layers"":2,""fit_mode"":""three_stage"",""fusion_heads"":4,""fusion_layers"":2,""head_dim"":32,""joint_finetune_lr_scale"":0.1,""lambda_freq"":0.1,""lambda_mask"":0.1,""lr"":0.0001,""memory_size"":32,""memory_topk"":4,""n_heads"":8,""patch_size"":16,""patch_stride"":16,""patience"":3,""pattern_mask_ratio"":0.25,""relation_mask_groups"":4,""seed"":2021,""seq_len"":192,""temporal_hidden_dim"":128,""temporal_layers"":3,""training_budget_mode"":""equal_total_steps""}",,/media/h3c/users/wangyueyang1/cxy/CATCH-master/result/score/CATCH/ASD_dataset_11/run-20260715T122849Z-1587674-11538/test_report.1784119230.h3c-R5500-G5.1589378.csv,aedcc2512baa7e518829ec5d1a90c3e9837202c1,True,True,auc_roc,0.7963587223587223,False,False,True,128,128,,False
ASD_dataset_12,ASD,ASD_dataset_12.csv,True,False,,/media/h3c/users/wangyueyang1/cxy/CATCH-master/result/score/CATCH/ASD_dataset_12/run-20260715T125526Z-1885032-7036/official_CATCH.sh,/media/h3c/users/wangyueyang1/cxy/CATCH-master/result/score/CATCH/ASD_dataset_12/run-20260715T125526Z-1885032-7036/command.sh,/media/h3c/users/wangyueyang1/cxy/CATCH-master/scripts/multivariate_detection/detect_score/ASD_dataset_12_script/CATCH.sh,/media/h3c/users/wangyueyang1/cxy/CATCH-master/scripts/multivariate_detection/detect_score/ASD_dataset_12_script/CATCH.sh,3b9adb5181128677aa1955f4032d5b3037576891e3b590e10723460139fc8d7e,3b9adb5181128677aa1955f4032d5b3037576891e3b590e10723460139fc8d7e,unfixed_detect_score_multi_config.json,ASD_dataset_12.csv,catch.CATCH,2021,0,1,60000,128,128,128,128,0.2,2,32,0.0001,8,3,192,16,16,10,"{""batch_size"":""official_CATCH.sh"",""cf_dim"":""official_CATCH.sh"",""d_ff"":""official_CATCH.sh"",""d_model"":""official_CATCH.sh"",""dropout"":""CATCH.py default"",""e_layers"":""official_CATCH.sh"",""head_dim"":""official_CATCH.sh"",""lr"":""official_CATCH.sh"",""n_heads"":""official_CATCH.sh"",""num_epochs"":""official_CATCH.sh"",""patch_size"":""official_CATCH.sh"",""patch_stride"":""official_CATCH.sh"",""patience"":""CATCH.py default"",""seq_len"":""official_CATCH.sh""}","{""Mlr"":1e-05,""auxi_lambda"":0.1,""batch_size"":128,""cf_dim"":128,""d_ff"":128,""d_model"":128,""dc_lambda"":0.5,""e_layers"":2,""head_dim"":32,""inference_patch_size"":16,""lr"":0.0001,""n_heads"":8,""num_epochs"":10,""patch_size"":16,""patch_stride"":16,""score_lambda"":0.5,""seq_len"":192,""temperature"":0.07}","{""Mlr"":1e-05,""affine"":0,""anomaly_ratio"":[0.1,0.5,1.0,2,3,5.0,10.0,15,20,25],""auxi_lambda"":0.1,""auxi_loss"":""MAE"",""auxi_mode"":""fft"",""auxi_type"":""complex"",""batch_size"":128,""cf_dim"":128,""d_ff"":128,""d_model"":128,""dc_lambda"":0.5,""dropout"":0.2,""e_layers"":2,""head_dim"":32,""head_dropout"":0.1,""individual"":0,""inference_patch_size"":16,""inference_patch_stride"":1,""lr"":0.0001,""lradj"":""type1"",""mask"":false,""module_first"":true,""n_heads"":8,""num_epochs"":10,""patch_size"":16,""patch_stride"":16,""patience"":3,""pct_start"":0.3,""pretrained_model"":null,""regular_lambda"":0.5,""revin"":1,""score_lambda"":0.5,""seq_len"":192,""subtract_last"":0,""temperature"":0.07}","{""batch_size"":128,""branch_dim"":128,""catch_train_epochs"":10,""cf_dim"":128,""d_ff"":128,""d_model"":128,""dropout"":0.2,""e_layers"":2,""fit_mode"":""three_stage"",""fusion_heads"":4,""fusion_layers"":2,""head_dim"":32,""joint_finetune_lr_scale"":0.1,""lambda_freq"":0.1,""lambda_mask"":0.1,""lr"":0.0001,""memory_size"":32,""memory_topk"":4,""n_heads"":8,""patch_size"":16,""patch_stride"":16,""patience"":3,""pattern_mask_ratio"":0.25,""relation_mask_groups"":4,""seed"":2021,""seq_len"":192,""temporal_hidden_dim"":128,""temporal_layers"":3,""training_budget_mode"":""equal_total_steps""}",,/media/h3c/users/wangyueyang1/cxy/CATCH-master/result/score/CATCH/ASD_dataset_12/run-20260715T125526Z-1885032-7036/test_report.1784120935.h3c-R5500-G5.1887948.csv,aedcc2512baa7e518829ec5d1a90c3e9837202c1,True,True,auc_roc,0.7844653555613441,False,False,True,128,128,,False
CICIDS,CICIDS,CICIDS.csv,True,False,,/media/h3c/users/wangyueyang1/cxy/CATCH-master/result/score/CATCH/CICIDS/run-20260715T120722Z-1345491-4045/official_CATCH.sh,/media/h3c/users/wangyueyang1/cxy/CATCH-master/result/score/CATCH/CICIDS/run-20260715T120722Z-1345491-4045/command.sh,/media/h3c/users/wangyueyang1/cxy/CATCH-master/scripts/multivariate_detection/detect_score/CICIDS_script/CATCH.sh,/media/h3c/users/wangyueyang1/cxy/CATCH-master/scripts/multivariate_detection/detect_score/CICIDS_script/CATCH.sh,3babdc8ababe3435698d6e131a452e958cd52dd53e7be8fc0ee15a5643ada3b8,3babdc8ababe3435698d6e131a452e958cd52dd53e7be8fc0ee15a5643ada3b8,unfixed_detect_score_multi_config.json,CICIDS.csv,catch.CATCH,2021,0,1,60000,128,64,128,128,0.2,3,16,0.0001,16,3,192,16,16,5,"{""batch_size"":""official_CATCH.sh"",""cf_dim"":""official_CATCH.sh"",""d_ff"":""official_CATCH.sh"",""d_model"":""official_CATCH.sh"",""dropout"":""CATCH.py default"",""e_layers"":""official_CATCH.sh"",""head_dim"":""official_CATCH.sh"",""lr"":""official_CATCH.sh"",""n_heads"":""official_CATCH.sh"",""num_epochs"":""official_CATCH.sh"",""patch_size"":""official_CATCH.sh"",""patch_stride"":""official_CATCH.sh"",""patience"":""CATCH.py default"",""seq_len"":""official_CATCH.sh""}","{""Mlr"":1e-05,""batch_size"":128,""cf_dim"":64,""d_ff"":128,""d_model"":128,""e_layers"":3,""head_dim"":16,""inference_patch_size"":16,""lr"":0.0001,""n_heads"":16,""num_epochs"":5,""patch_size"":16,""patch_stride"":16,""seq_len"":192,""temperature"":0.07}","{""Mlr"":1e-05,""affine"":0,""anomaly_ratio"":[0.1,0.5,1.0,2,3,5.0,10.0,15,20,25],""auxi_lambda"":0.005,""auxi_loss"":""MAE"",""auxi_mode"":""fft"",""auxi_type"":""complex"",""batch_size"":128,""cf_dim"":64,""d_ff"":128,""d_model"":128,""dc_lambda"":0.005,""dropout"":0.2,""e_layers"":3,""head_dim"":16,""head_dropout"":0.1,""individual"":0,""inference_patch_size"":16,""inference_patch_stride"":1,""lr"":0.0001,""lradj"":""type1"",""mask"":false,""module_first"":true,""n_heads"":16,""num_epochs"":5,""patch_size"":16,""patch_stride"":16,""patience"":3,""pct_start"":0.3,""pretrained_model"":null,""regular_lambda"":0.5,""revin"":1,""score_lambda"":0.05,""seq_len"":192,""subtract_last"":0,""temperature"":0.07}","{""batch_size"":128,""branch_dim"":128,""catch_train_epochs"":5,""cf_dim"":64,""d_ff"":128,""d_model"":128,""dropout"":0.2,""e_layers"":3,""fit_mode"":""three_stage"",""fusion_heads"":4,""fusion_layers"":2,""head_dim"":16,""joint_finetune_lr_scale"":0.1,""lambda_freq"":0.1,""lambda_mask"":0.1,""lr"":0.0001,""memory_size"":32,""memory_topk"":4,""n_heads"":16,""patch_size"":16,""patch_stride"":16,""patience"":3,""pattern_mask_ratio"":0.25,""relation_mask_groups"":4,""seed"":2021,""seq_len"":192,""temporal_hidden_dim"":128,""temporal_layers"":3,""training_budget_mode"":""equal_total_steps""}",,/media/h3c/users/wangyueyang1/cxy/CATCH-master/result/score/CATCH/CICIDS/run-20260715T120722Z-1345491-4045/test_report.1784122606.h3c-R5500-G5.1353374.csv,aedcc2512baa7e518829ec5d1a90c3e9837202c1,True,True,auc_roc,0.79050548808017,False,False,True,128,128,,False
CalIt2,CalIt2,CalIt2.csv,True,False,,/media/h3c/users/wangyueyang1/cxy/CATCH-master/result/score/CATCH/CalIt2/run-20260715T183704Z-2374669-5874/official_CATCH.sh,/media/h3c/users/wangyueyang1/cxy/CATCH-master/result/score/CATCH/CalIt2/run-20260715T183704Z-2374669-5874/command.sh,/media/h3c/users/wangyueyang1/cxy/CATCH-master/scripts/multivariate_detection/detect_score/CalIt2_script/CATCH.sh,/media/h3c/users/wangyueyang1/cxy/CATCH-master/scripts/multivariate_detection/detect_score/CalIt2_script/CATCH.sh,afa045f2eb3b315dd28c1444f897e546097fabfff4e0a3e90d3835eb6b1f9743,afa045f2eb3b315dd28c1444f897e546097fabfff4e0a3e90d3835eb6b1f9743,unfixed_detect_score_multi_config.json,CalIt2.csv,catch.CATCH,2021,0,1,60000,128,128,128,128,0.2,2,32,0.0001,8,3,192,16,16,10,"{""batch_size"":""official_CATCH.sh"",""cf_dim"":""official_CATCH.sh"",""d_ff"":""official_CATCH.sh"",""d_model"":""official_CATCH.sh"",""dropout"":""CATCH.py default"",""e_layers"":""official_CATCH.sh"",""head_dim"":""official_CATCH.sh"",""lr"":""official_CATCH.sh"",""n_heads"":""official_CATCH.sh"",""num_epochs"":""official_CATCH.sh"",""patch_size"":""official_CATCH.sh"",""patch_stride"":""official_CATCH.sh"",""patience"":""CATCH.py default"",""seq_len"":""official_CATCH.sh""}","{""Mlr"":1e-05,""auxi_lambda"":0.1,""batch_size"":128,""cf_dim"":128,""d_ff"":128,""d_model"":128,""dc_lambda"":0.5,""e_layers"":2,""head_dim"":32,""inference_patch_size"":16,""lr"":0.0001,""n_heads"":8,""num_epochs"":10,""patch_size"":16,""patch_stride"":16,""score_lambda"":0.5,""seq_len"":192,""temperature"":0.07}","{""Mlr"":1e-05,""affine"":0,""anomaly_ratio"":[0.1,0.5,1.0,2,3,5.0,10.0,15,20,25],""auxi_lambda"":0.1,""auxi_loss"":""MAE"",""auxi_mode"":""fft"",""auxi_type"":""complex"",""batch_size"":128,""cf_dim"":128,""d_ff"":128,""d_model"":128,""dc_lambda"":0.5,""dropout"":0.2,""e_layers"":2,""head_dim"":32,""head_dropout"":0.1,""individual"":0,""inference_patch_size"":16,""inference_patch_stride"":1,""lr"":0.0001,""lradj"":""type1"",""mask"":false,""module_first"":true,""n_heads"":8,""num_epochs"":10,""patch_size"":16,""patch_stride"":16,""patience"":3,""pct_start"":0.3,""pretrained_model"":null,""regular_lambda"":0.5,""revin"":1,""score_lambda"":0.5,""seq_len"":192,""subtract_last"":0,""temperature"":0.07}","{""batch_size"":128,""branch_dim"":128,""catch_train_epochs"":10,""cf_dim"":128,""d_ff"":128,""d_model"":128,""dropout"":0.2,""e_layers"":2,""fit_mode"":""three_stage"",""fusion_heads"":4,""fusion_layers"":2,""head_dim"":32,""joint_finetune_lr_scale"":0.1,""lambda_freq"":0.1,""lambda_mask"":0.1,""lr"":0.0001,""memory_size"":32,""memory_topk"":4,""n_heads"":8,""patch_size"":16,""patch_stride"":16,""patience"":3,""pattern_mask_ratio"":0.25,""relation_mask_groups"":4,""seed"":2021,""seq_len"":192,""temporal_hidden_dim"":128,""temporal_layers"":3,""training_budget_mode"":""equal_total_steps""}",,/media/h3c/users/wangyueyang1/cxy/CATCH-master/result/score/CATCH/CalIt2/run-20260715T183704Z-2374669-5874/test_report.1784140875.h3c-R5500-G5.2376944.csv,aedcc2512baa7e518829ec5d1a90c3e9837202c1,True,True,auc_roc,0.837335086517425,False,False,True,128,128,,False
Creditcard,Creditcard,Creditcard.csv,True,False,,/media/h3c/users/wangyueyang1/cxy/CATCH-master/result/score/CATCH/Creditcard/run-20260716T202925Z-3426561-275/official_CATCH.sh,/media/h3c/users/wangyueyang1/cxy/CATCH-master/result/score/CATCH/Creditcard/run-20260716T202925Z-3426561-275/command.sh,/media/h3c/users/wangyueyang1/cxy/CATCH-master/scripts/multivariate_detection/detect_score/Creditcard_script/CATCH.sh,/media/h3c/users/wangyueyang1/cxy/CATCH-master/scripts/multivariate_detection/detect_score/Creditcard_script/CATCH.sh,16119221d3c6365770a2c70c9690e78f5e40a659a01f0858a2c837c868ecf77a,16119221d3c6365770a2c70c9690e78f5e40a659a01f0858a2c837c868ecf77a,unfixed_detect_score_multi_config.json,Creditcard.csv,catch.CATCH,2021,0,1,60000,128,64,128,128,0.2,3,64,0.0001,16,3,192,32,32,5,"{""batch_size"":""official_CATCH.sh"",""cf_dim"":""official_CATCH.sh"",""d_ff"":""official_CATCH.sh"",""d_model"":""official_CATCH.sh"",""dropout"":""CATCH.py default"",""e_layers"":""official_CATCH.sh"",""head_dim"":""official_CATCH.sh"",""lr"":""official_CATCH.sh"",""n_heads"":""official_CATCH.sh"",""num_epochs"":""official_CATCH.sh"",""patch_size"":""official_CATCH.sh"",""patch_stride"":""official_CATCH.sh"",""patience"":""CATCH.py default"",""seq_len"":""official_CATCH.sh""}","{""Mlr"":1e-05,""batch_size"":128,""cf_dim"":64,""d_ff"":128,""d_model"":128,""e_layers"":3,""head_dim"":64,""inference_patch_size"":16,""lr"":0.0001,""n_heads"":16,""num_epochs"":5,""patch_size"":32,""patch_stride"":32,""seq_len"":192}","{""Mlr"":1e-05,""affine"":0,""anomaly_ratio"":[0.1,0.5,1.0,2,3,5.0,10.0,15,20,25],""auxi_lambda"":0.005,""auxi_loss"":""MAE"",""auxi_mode"":""fft"",""auxi_type"":""complex"",""batch_size"":128,""cf_dim"":64,""d_ff"":128,""d_model"":128,""dc_lambda"":0.005,""dropout"":0.2,""e_layers"":3,""head_dim"":64,""head_dropout"":0.1,""individual"":0,""inference_patch_size"":16,""inference_patch_stride"":1,""lr"":0.0001,""lradj"":""type1"",""mask"":false,""module_first"":true,""n_heads"":16,""num_epochs"":5,""patch_size"":32,""patch_stride"":32,""patience"":3,""pct_start"":0.3,""pretrained_model"":null,""regular_lambda"":0.5,""revin"":1,""score_lambda"":0.05,""seq_len"":192,""subtract_last"":0,""temperature"":0.07}","{""batch_size"":128,""branch_dim"":128,""catch_train_epochs"":5,""cf_dim"":64,""d_ff"":128,""d_model"":128,""dropout"":0.2,""e_layers"":3,""fit_mode"":""three_stage"",""fusion_heads"":4,""fusion_layers"":2,""head_dim"":64,""joint_finetune_lr_scale"":0.1,""lambda_freq"":0.1,""lambda_mask"":0.1,""lr"":0.0001,""memory_size"":32,""memory_topk"":4,""n_heads"":16,""patch_size"":32,""patch_stride"":32,""patience"":3,""pattern_mask_ratio"":0.25,""relation_mask_groups"":4,""seed"":2021,""seq_len"":192,""temporal_hidden_dim"":128,""temporal_layers"":3,""training_budget_mode"":""equal_total_steps""}",,/media/h3c/users/wangyueyang1/cxy/CATCH-master/result/score/CATCH/Creditcard/run-20260716T202925Z-3426561-275/test_report.1784236079.h3c-R5500-G5.3427278.csv,a3ba73c56101778ac3df060814ae29d811fb31fb,True,True,auc_roc,0.957813988315216,False,False,True,128,128,,False
GECCO,GECCO,GECCO.csv,True,False,,/media/h3c/users/wangyueyang1/cxy/CATCH-master/result/score/CATCH/GECCO/run-20260716T213302Z-16971-16047/official_CATCH.sh,/media/h3c/users/wangyueyang1/cxy/CATCH-master/result/score/CATCH/GECCO/run-20260716T213302Z-16971-16047/command.sh,/media/h3c/users/wangyueyang1/cxy/CATCH-master/scripts/multivariate_detection/detect_score/GECCO_script/CATCH.sh,/media/h3c/users/wangyueyang1/cxy/CATCH-master/scripts/multivariate_detection/detect_score/GECCO_script/CATCH.sh,ab3a34fea6e0c612418763d95fd54cf239bbd7a79a15f859c78fb73d14650e3b,ab3a34fea6e0c612418763d95fd54cf239bbd7a79a15f859c78fb73d14650e3b,unfixed_detect_score_multi_config.json,GECCO.csv,catch.CATCH,2021,0,1,60000,128,64,256,128,0.2,2,64,0.0001,2,10,96,16,8,1,"{""batch_size"":""official_CATCH.sh"",""cf_dim"":""official_CATCH.sh"",""d_ff"":""official_CATCH.sh"",""d_model"":""official_CATCH.sh"",""dropout"":""official_CATCH.sh"",""e_layers"":""official_CATCH.sh"",""head_dim"":""official_CATCH.sh"",""lr"":""official_CATCH.sh"",""n_heads"":""official_CATCH.sh"",""num_epochs"":""official_CATCH.sh"",""patch_size"":""official_CATCH.sh"",""patch_stride"":""official_CATCH.sh"",""patience"":""official_CATCH.sh"",""seq_len"":""official_CATCH.sh""}","{""Mlr"":0.0001,""anomaly_ratio"":1,""batch_size"":128,""cf_dim"":64,""d_ff"":256,""d_model"":128,""dropout"":0.2,""e_layers"":2,""head_dim"":64,""head_dropout"":0.1,""itr"":1,""lr"":0.0001,""n_heads"":2,""num_epochs"":1,""patch_size"":16,""patch_stride"":8,""patience"":10,""seq_len"":96,""small_kernel_merged"":""False"",""temperature"":0.1,""use_multi_scale"":""False""}","{""Mlr"":0.0001,""affine"":0,""anomaly_ratio"":1,""auxi_lambda"":0.005,""auxi_loss"":""MAE"",""auxi_mode"":""fft"",""auxi_type"":""complex"",""batch_size"":128,""cf_dim"":64,""d_ff"":256,""d_model"":128,""dc_lambda"":0.005,""dropout"":0.2,""e_layers"":2,""head_dim"":64,""head_dropout"":0.1,""individual"":0,""inference_patch_size"":32,""inference_patch_stride"":1,""itr"":1,""lr"":0.0001,""lradj"":""type1"",""mask"":false,""module_first"":true,""n_heads"":2,""num_epochs"":1,""patch_size"":16,""patch_stride"":8,""patience"":10,""pct_start"":0.3,""pretrained_model"":null,""regular_lambda"":0.5,""revin"":1,""score_lambda"":0.05,""seq_len"":96,""small_kernel_merged"":""False"",""subtract_last"":0,""temperature"":0.1,""use_multi_scale"":""False""}","{""batch_size"":128,""branch_dim"":128,""catch_train_epochs"":1,""cf_dim"":64,""d_ff"":256,""d_model"":128,""dropout"":0.2,""e_layers"":2,""fit_mode"":""three_stage"",""fusion_heads"":4,""fusion_layers"":2,""head_dim"":64,""joint_finetune_lr_scale"":0.1,""lambda_freq"":0.1,""lambda_mask"":0.1,""lr"":0.0001,""memory_size"":32,""memory_topk"":4,""n_heads"":2,""patch_size"":16,""patch_stride"":8,""patience"":10,""pattern_mask_ratio"":0.25,""relation_mask_groups"":4,""seed"":2021,""seq_len"":192,""temporal_hidden_dim"":128,""temporal_layers"":3,""training_budget_mode"":""equal_total_steps""}",,/media/h3c/users/wangyueyang1/cxy/CATCH-master/result/score/CATCH/GECCO/run-20260716T213302Z-16971-16047/test_report.1784237757.h3c-R5500-G5.17240.csv,a3ba73c56101778ac3df060814ae29d811fb31fb,True,True,auc_roc,0.9699809485278436,True,True,False,128,128,,False
Genesis,Genesis,Genesis.csv,True,False,,/media/h3c/users/wangyueyang1/cxy/CATCH-master/result/score/CATCH/Genesis/run-20260716T213208Z-6088-16524/official_CATCH.sh,/media/h3c/users/wangyueyang1/cxy/CATCH-master/result/score/CATCH/Genesis/run-20260716T213208Z-6088-16524/command.sh,/media/h3c/users/wangyueyang1/cxy/CATCH-master/scripts/multivariate_detection/detect_score/Genesis_script/CATCH.sh,/media/h3c/users/wangyueyang1/cxy/CATCH-master/scripts/multivariate_detection/detect_score/Genesis_script/CATCH.sh,f48f60fd889e1b68764aadec02b4287467242aaa6a54ac448229d9ce9e872807,f48f60fd889e1b68764aadec02b4287467242aaa6a54ac448229d9ce9e872807,unfixed_detect_score_multi_config.json,Genesis.csv,catch.CATCH,2021,0,1,60000,4,64,128,128,0.2,3,64,0.0001,16,3,192,8,8,10,"{""batch_size"":""official_CATCH.sh"",""cf_dim"":""official_CATCH.sh"",""d_ff"":""official_CATCH.sh"",""d_model"":""official_CATCH.sh"",""dropout"":""CATCH.py default"",""e_layers"":""official_CATCH.sh"",""head_dim"":""official_CATCH.sh"",""lr"":""official_CATCH.sh"",""n_heads"":""official_CATCH.sh"",""num_epochs"":""official_CATCH.sh"",""patch_size"":""official_CATCH.sh"",""patch_stride"":""official_CATCH.sh"",""patience"":""CATCH.py default"",""seq_len"":""official_CATCH.sh""}","{""Mlr"":0.0001,""batch_size"":4,""cf_dim"":64,""d_ff"":128,""d_model"":128,""e_layers"":3,""head_dim"":64,""inference_patch_size"":32,""inference_patch_stride"":1,""lr"":0.0001,""n_heads"":16,""num_epochs"":10,""patch_size"":8,""patch_stride"":8,""score_lambda"":1,""seq_len"":192,""temperature"":0.07}","{""Mlr"":0.0001,""affine"":0,""anomaly_ratio"":[0.1,0.5,1.0,2,3,5.0,10.0,15,20,25],""auxi_lambda"":0.005,""auxi_loss"":""MAE"",""auxi_mode"":""fft"",""auxi_type"":""complex"",""batch_size"":4,""cf_dim"":64,""d_ff"":128,""d_model"":128,""dc_lambda"":0.005,""dropout"":0.2,""e_layers"":3,""head_dim"":64,""head_dropout"":0.1,""individual"":0,""inference_patch_size"":32,""inference_patch_stride"":1,""lr"":0.0001,""lradj"":""type1"",""mask"":false,""module_first"":true,""n_heads"":16,""num_epochs"":10,""patch_size"":8,""patch_stride"":8,""patience"":3,""pct_start"":0.3,""pretrained_model"":null,""regular_lambda"":0.5,""revin"":1,""score_lambda"":1,""seq_len"":192,""subtract_last"":0,""temperature"":0.07}","{""batch_size"":4,""branch_dim"":128,""catch_train_epochs"":10,""cf_dim"":64,""d_ff"":128,""d_model"":128,""dropout"":0.2,""e_layers"":3,""fit_mode"":""three_stage"",""fusion_heads"":4,""fusion_layers"":2,""head_dim"":64,""joint_finetune_lr_scale"":0.1,""lambda_freq"":0.1,""lambda_mask"":0.1,""lr"":0.0001,""memory_size"":32,""memory_topk"":4,""n_heads"":16,""patch_size"":8,""patch_stride"":8,""patience"":3,""pattern_mask_ratio"":0.25,""relation_mask_groups"":4,""seed"":2021,""seq_len"":192,""temporal_hidden_dim"":128,""temporal_layers"":3,""training_budget_mode"":""equal_total_steps""}",,/media/h3c/users/wangyueyang1/cxy/CATCH-master/result/score/CATCH/Genesis/run-20260716T213208Z-6088-16524/test_report.1784239890.h3c-R5500-G5.6426.csv,a3ba73c56101778ac3df060814ae29d811fb31fb,True,True,auc_roc,0.9735413019258315,False,False,True,4,4,,False
MSL,MSL,MSL.csv,True,False,,/media/h3c/users/wangyueyang1/cxy/CATCH-master/result/score/CATCH/MSL/run-20260716T213635Z-58595-28964/official_CATCH.sh,/media/h3c/users/wangyueyang1/cxy/CATCH-master/result/score/CATCH/MSL/run-20260716T213635Z-58595-28964/command.sh,/media/h3c/users/wangyueyang1/cxy/CATCH-master/scripts/multivariate_detection/detect_score/MSL_script/CATCH.sh,/media/h3c/users/wangyueyang1/cxy/CATCH-master/scripts/multivariate_detection/detect_score/MSL_script/CATCH.sh,b9f6d62b30bc7a94618c3374f4c6604d1f97086e2b0a8338749e6e2c27e99fda,b9f6d62b30bc7a94618c3374f4c6604d1f97086e2b0a8338749e6e2c27e99fda,unfixed_detect_score_multi_config.json,MSL.csv,catch.CATCH,2021,0,1,60000,128,64,256,128,0.2,3,64,0.0005,2,3,192,16,8,5,"{""batch_size"":""official_CATCH.sh"",""cf_dim"":""official_CATCH.sh"",""d_ff"":""official_CATCH.sh"",""d_model"":""official_CATCH.sh"",""dropout"":""CATCH.py default"",""e_layers"":""official_CATCH.sh"",""head_dim"":""official_CATCH.sh"",""lr"":""official_CATCH.sh"",""n_heads"":""official_CATCH.sh"",""num_epochs"":""official_CATCH.sh"",""patch_size"":""official_CATCH.sh"",""patch_stride"":""official_CATCH.sh"",""patience"":""CATCH.py default"",""seq_len"":""official_CATCH.sh""}","{""Mlr"":5e-05,""batch_size"":128,""cf_dim"":64,""d_ff"":256,""d_model"":128,""e_layers"":3,""head_dim"":64,""lr"":0.0005,""n_heads"":2,""num_epochs"":5,""patch_size"":16,""patch_stride"":8,""seq_len"":192}","{""Mlr"":5e-05,""affine"":0,""anomaly_ratio"":[0.1,0.5,1.0,2,3,5.0,10.0,15,20,25],""auxi_lambda"":0.005,""auxi_loss"":""MAE"",""auxi_mode"":""fft"",""auxi_type"":""complex"",""batch_size"":128,""cf_dim"":64,""d_ff"":256,""d_model"":128,""dc_lambda"":0.005,""dropout"":0.2,""e_layers"":3,""head_dim"":64,""head_dropout"":0.1,""individual"":0,""inference_patch_size"":32,""inference_patch_stride"":1,""lr"":0.0005,""lradj"":""type1"",""mask"":false,""module_first"":true,""n_heads"":2,""num_epochs"":5,""patch_size"":16,""patch_stride"":8,""patience"":3,""pct_start"":0.3,""pretrained_model"":null,""regular_lambda"":0.5,""revin"":1,""score_lambda"":0.05,""seq_len"":192,""subtract_last"":0,""temperature"":0.07}","{""batch_size"":128,""branch_dim"":128,""catch_train_epochs"":5,""cf_dim"":64,""d_ff"":256,""d_model"":128,""dropout"":0.2,""e_layers"":3,""fit_mode"":""three_stage"",""fusion_heads"":4,""fusion_layers"":2,""head_dim"":64,""joint_finetune_lr_scale"":0.1,""lambda_freq"":0.1,""lambda_mask"":0.1,""lr"":0.0005,""memory_size"":32,""memory_topk"":4,""n_heads"":2,""patch_size"":16,""patch_stride"":8,""patience"":3,""pattern_mask_ratio"":0.25,""relation_mask_groups"":4,""seed"":2021,""seq_len"":192,""temporal_hidden_dim"":128,""temporal_layers"":3,""training_budget_mode"":""equal_total_steps""}",,/media/h3c/users/wangyueyang1/cxy/CATCH-master/result/score/CATCH/MSL/run-20260716T213635Z-58595-28964/test_report.1784244404.h3c-R5500-G5.59126.csv,a3ba73c56101778ac3df060814ae29d811fb31fb,True,True,auc_roc,0.6619639093750687,False,False,True,128,128,,False
NYC,NYC,NYC.csv,True,False,,/media/h3c/users/wangyueyang1/cxy/CATCH-master/result/score/CATCH/NYC/run-20260716T222643Z-657156-32728/official_CATCH.sh,/media/h3c/users/wangyueyang1/cxy/CATCH-master/result/score/CATCH/NYC/run-20260716T222643Z-657156-32728/command.sh,/media/h3c/users/wangyueyang1/cxy/CATCH-master/scripts/multivariate_detection/detect_score/NYC_script/CATCH.sh,/media/h3c/users/wangyueyang1/cxy/CATCH-master/scripts/multivariate_detection/detect_score/NYC_script/CATCH.sh,a1d944f60967784161a932ecf677725dd36a9c5538eab4d0e1abe8f8fd127938,a1d944f60967784161a932ecf677725dd36a9c5538eab4d0e1abe8f8fd127938,unfixed_detect_score_multi_config.json,NYC.csv,catch.CATCH,2021,0,1,60000,128,64,256,256,0.2,3,64,0.0001,2,3,192,16,8,2,"{""batch_size"":""official_CATCH.sh"",""cf_dim"":""official_CATCH.sh"",""d_ff"":""official_CATCH.sh"",""d_model"":""official_CATCH.sh"",""dropout"":""CATCH.py default"",""e_layers"":""official_CATCH.sh"",""head_dim"":""official_CATCH.sh"",""lr"":""official_CATCH.sh"",""n_heads"":""official_CATCH.sh"",""num_epochs"":""official_CATCH.sh"",""patch_size"":""official_CATCH.sh"",""patch_stride"":""official_CATCH.sh"",""patience"":""CATCH.py default"",""seq_len"":""official_CATCH.sh""}","{""Mlr"":1e-05,""batch_size"":128,""cf_dim"":64,""d_ff"":256,""d_model"":256,""e_layers"":3,""head_dim"":64,""inference_patch_size"":32,""inference_patch_stride"":1,""lr"":0.0001,""n_heads"":2,""num_epochs"":2,""patch_size"":16,""patch_stride"":8,""seq_len"":192,""temperature"":0.07}","{""Mlr"":1e-05,""affine"":0,""anomaly_ratio"":[0.1,0.5,1.0,2,3,5.0,10.0,15,20,25],""auxi_lambda"":0.005,""auxi_loss"":""MAE"",""auxi_mode"":""fft"",""auxi_type"":""complex"",""batch_size"":128,""cf_dim"":64,""d_ff"":256,""d_model"":256,""dc_lambda"":0.005,""dropout"":0.2,""e_layers"":3,""head_dim"":64,""head_dropout"":0.1,""individual"":0,""inference_patch_size"":32,""inference_patch_stride"":1,""lr"":0.0001,""lradj"":""type1"",""mask"":false,""module_first"":true,""n_heads"":2,""num_epochs"":2,""patch_size"":16,""patch_stride"":8,""patience"":3,""pct_start"":0.3,""pretrained_model"":null,""regular_lambda"":0.5,""revin"":1,""score_lambda"":0.05,""seq_len"":192,""subtract_last"":0,""temperature"":0.07}","{""batch_size"":128,""branch_dim"":128,""catch_train_epochs"":2,""cf_dim"":64,""d_ff"":256,""d_model"":256,""dropout"":0.2,""e_layers"":3,""fit_mode"":""three_stage"",""fusion_heads"":4,""fusion_layers"":2,""head_dim"":64,""joint_finetune_lr_scale"":0.1,""lambda_freq"":0.1,""lambda_mask"":0.1,""lr"":0.0001,""memory_size"":32,""memory_topk"":4,""n_heads"":2,""patch_size"":16,""patch_stride"":8,""patience"":3,""pattern_mask_ratio"":0.25,""relation_mask_groups"":4,""seed"":2021,""seq_len"":192,""temporal_hidden_dim"":128,""temporal_layers"":3,""training_budget_mode"":""equal_total_steps""}",,/media/h3c/users/wangyueyang1/cxy/CATCH-master/result/score/CATCH/NYC/run-20260716T222643Z-657156-32728/test_report.1784241041.h3c-R5500-G5.657503.csv,a3ba73c56101778ac3df060814ae29d811fb31fb,True,True,auc_roc,0.8184345189209679,False,False,True,128,128,,False
PSM,PSM,PSM.csv,True,False,,/media/h3c/users/wangyueyang1/cxy/CATCH-master/result/score/CATCH/PSM/run-20260716T222700Z-660928-22488/official_CATCH.sh,/media/h3c/users/wangyueyang1/cxy/CATCH-master/result/score/CATCH/PSM/run-20260716T222700Z-660928-22488/command.sh,/media/h3c/users/wangyueyang1/cxy/CATCH-master/scripts/multivariate_detection/detect_score/PSM_script/CATCH.sh,/media/h3c/users/wangyueyang1/cxy/CATCH-master/scripts/multivariate_detection/detect_score/PSM_script/CATCH.sh,dc50f2405cfe144b21c61a6aa390e61a5f06afa33204826d3f70898d99d0848b,dc50f2405cfe144b21c61a6aa390e61a5f06afa33204826d3f70898d99d0848b,unfixed_detect_score_multi_config.json,PSM.csv,catch.CATCH,2021,0,1,60000,128,16,32,16,0.3,1,32,0.005,4,3,192,16,8,3,"{""batch_size"":""official_CATCH.sh"",""cf_dim"":""official_CATCH.sh"",""d_ff"":""official_CATCH.sh"",""d_model"":""official_CATCH.sh"",""dropout"":""official_CATCH.sh"",""e_layers"":""official_CATCH.sh"",""head_dim"":""official_CATCH.sh"",""lr"":""official_CATCH.sh"",""n_heads"":""official_CATCH.sh"",""num_epochs"":""official_CATCH.sh"",""patch_size"":""official_CATCH.sh"",""patch_stride"":""official_CATCH.sh"",""patience"":""CATCH.py default"",""seq_len"":""official_CATCH.sh""}","{""Mlr"":0.001,""auxi_lambda"":0.01,""batch_size"":128,""cf_dim"":16,""d_ff"":32,""d_model"":16,""dc_lambda"":0.05,""dropout"":0.3,""e_layers"":1,""head_dim"":32,""inference_patch_size"":96,""lr"":0.005,""n_heads"":4,""num_epochs"":3,""patch_size"":16,""patch_stride"":8,""score_lambda"":0.5,""seq_len"":192}","{""Mlr"":0.001,""affine"":0,""anomaly_ratio"":[0.1,0.5,1.0,2,3,5.0,10.0,15,20,25],""auxi_lambda"":0.01,""auxi_loss"":""MAE"",""auxi_mode"":""fft"",""auxi_type"":""complex"",""batch_size"":128,""cf_dim"":16,""d_ff"":32,""d_model"":16,""dc_lambda"":0.05,""dropout"":0.3,""e_layers"":1,""head_dim"":32,""head_dropout"":0.1,""individual"":0,""inference_patch_size"":96,""inference_patch_stride"":1,""lr"":0.005,""lradj"":""type1"",""mask"":false,""module_first"":true,""n_heads"":4,""num_epochs"":3,""patch_size"":16,""patch_stride"":8,""patience"":3,""pct_start"":0.3,""pretrained_model"":null,""regular_lambda"":0.5,""revin"":1,""score_lambda"":0.5,""seq_len"":192,""subtract_last"":0,""temperature"":0.07}","{""batch_size"":128,""branch_dim"":128,""catch_train_epochs"":3,""cf_dim"":16,""d_ff"":32,""d_model"":16,""dropout"":0.3,""e_layers"":1,""fit_mode"":""three_stage"",""fusion_heads"":4,""fusion_layers"":2,""head_dim"":32,""joint_finetune_lr_scale"":0.1,""lambda_freq"":0.1,""lambda_mask"":0.1,""lr"":0.005,""memory_size"":32,""memory_topk"":4,""n_heads"":4,""patch_size"":16,""patch_stride"":8,""patience"":3,""pattern_mask_ratio"":0.25,""relation_mask_groups"":4,""seed"":2021,""seq_len"":192,""temporal_hidden_dim"":128,""temporal_layers"":3,""training_budget_mode"":""equal_total_steps""}",,/media/h3c/users/wangyueyang1/cxy/CATCH-master/result/score/CATCH/PSM/run-20260716T222700Z-660928-22488/test_report.1784241452.h3c-R5500-G5.661628.csv,a3ba73c56101778ac3df060814ae29d811fb31fb,True,True,auc_roc,0.6475481500586737,False,False,True,128,128,,False
SMAP,SMAP,SMAP.csv,True,False,,/media/h3c/users/wangyueyang1/cxy/CATCH-master/result/score/CATCH/SMAP/run-20260717T070416Z-2731832-15614/official_CATCH.sh,/media/h3c/users/wangyueyang1/cxy/CATCH-master/result/score/CATCH/SMAP/run-20260717T070416Z-2731832-15614/command.sh,/media/h3c/users/wangyueyang1/cxy/CATCH-master/scripts/multivariate_detection/detect_score/SMAP_script/CATCH.sh,/media/h3c/users/wangyueyang1/cxy/CATCH-master/scripts/multivariate_detection/detect_score/SMAP_script/CATCH.sh,3f017fefb98e3eac92db679e4f2751e1c365f788f52ab777ca54ad61d9bbc29c,3f017fefb98e3eac92db679e4f2751e1c365f788f52ab777ca54ad61d9bbc29c,unfixed_detect_score_multi_config.json,SMAP.csv,catch.CATCH,2021,0,1,60000,128,16,32,64,0.4,3,64,0.005,4,3,192,16,8,10,"{""batch_size"":""official_CATCH.sh"",""cf_dim"":""official_CATCH.sh"",""d_ff"":""official_CATCH.sh"",""d_model"":""official_CATCH.sh"",""dropout"":""official_CATCH.sh"",""e_layers"":""official_CATCH.sh"",""head_dim"":""official_CATCH.sh"",""lr"":""official_CATCH.sh"",""n_heads"":""official_CATCH.sh"",""num_epochs"":""official_CATCH.sh"",""patch_size"":""official_CATCH.sh"",""patch_stride"":""official_CATCH.sh"",""patience"":""CATCH.py default"",""seq_len"":""official_CATCH.sh""}","{""Mlr"":0.01,""auxi_lambda"":1,""batch_size"":128,""cf_dim"":16,""d_ff"":32,""d_model"":64,""dc_lambda"":1,""dropout"":0.4,""e_layers"":3,""head_dim"":64,""inference_patch_size"":4,""lr"":0.005,""n_heads"":4,""num_epochs"":10,""patch_size"":16,""patch_stride"":8,""score_lambda"":1e-06,""seq_len"":192}","{""Mlr"":0.01,""affine"":0,""anomaly_ratio"":[0.1,0.5,1.0,2,3,5.0,10.0,15,20,25],""auxi_lambda"":1,""auxi_loss"":""MAE"",""auxi_mode"":""fft"",""auxi_type"":""complex"",""batch_size"":128,""cf_dim"":16,""d_ff"":32,""d_model"":64,""dc_lambda"":1,""dropout"":0.4,""e_layers"":3,""head_dim"":64,""head_dropout"":0.1,""individual"":0,""inference_patch_size"":4,""inference_patch_stride"":1,""lr"":0.005,""lradj"":""type1"",""mask"":false,""module_first"":true,""n_heads"":4,""num_epochs"":10,""patch_size"":16,""patch_stride"":8,""patience"":3,""pct_start"":0.3,""pretrained_model"":null,""regular_lambda"":0.5,""revin"":1,""score_lambda"":1e-06,""seq_len"":192,""subtract_last"":0,""temperature"":0.07}","{""batch_size"":128,""branch_dim"":128,""catch_train_epochs"":10,""cf_dim"":16,""d_ff"":32,""d_model"":64,""dropout"":0.4,""e_layers"":3,""fit_mode"":""three_stage"",""fusion_heads"":4,""fusion_layers"":2,""head_dim"":64,""joint_finetune_lr_scale"":0.1,""lambda_freq"":0.1,""lambda_mask"":0.1,""lr"":0.005,""memory_size"":32,""memory_topk"":4,""n_heads"":4,""patch_size"":16,""patch_stride"":8,""patience"":3,""pattern_mask_ratio"":0.25,""relation_mask_groups"":4,""seed"":2021,""seq_len"":192,""temporal_hidden_dim"":128,""temporal_layers"":3,""training_budget_mode"":""equal_total_steps""}",,/media/h3c/users/wangyueyang1/cxy/CATCH-master/result/score/CATCH/SMAP/run-20260717T070416Z-2731832-15614/test_report.1784278165.h3c-R5500-G5.2732611.csv,9df9db758075513118d16a680f6812e580170d76,True,True,auc_roc,0.4974781075071577,False,False,True,128,128,,False
SMD,SMD,SMD.csv,True,False,,/media/h3c/users/wangyueyang1/cxy/CATCH-master/result/score/CATCH/SMD/run-20260716T225633Z-1008371-29270/official_CATCH.sh,/media/h3c/users/wangyueyang1/cxy/CATCH-master/result/score/CATCH/SMD/run-20260716T225633Z-1008371-29270/command.sh,/media/h3c/users/wangyueyang1/cxy/CATCH-master/scripts/multivariate_detection/detect_score/SMD_script/CATCH.sh,/media/h3c/users/wangyueyang1/cxy/CATCH-master/scripts/multivariate_detection/detect_score/SMD_script/CATCH.sh,eb6c0ed4d0cc191160cbd0a18a21ec6cb34b208fe92a52f84ae96dbc90523878,eb6c0ed4d0cc191160cbd0a18a21ec6cb34b208fe92a52f84ae96dbc90523878,unfixed_detect_score_multi_config.json,SMD.csv,catch.CATCH,2021,0,1,60000,64,64,128,128,0.2,3,32,0.0001,16,3,192,8,8,5,"{""batch_size"":""official_CATCH.sh"",""cf_dim"":""official_CATCH.sh"",""d_ff"":""official_CATCH.sh"",""d_model"":""official_CATCH.sh"",""dropout"":""CATCH.py default"",""e_layers"":""official_CATCH.sh"",""head_dim"":""official_CATCH.sh"",""lr"":""official_CATCH.sh"",""n_heads"":""official_CATCH.sh"",""num_epochs"":""official_CATCH.sh"",""patch_size"":""official_CATCH.sh"",""patch_stride"":""official_CATCH.sh"",""patience"":""CATCH.py default"",""seq_len"":""official_CATCH.sh""}","{""Mlr"":1e-05,""batch_size"":64,""cf_dim"":64,""d_ff"":128,""d_model"":128,""e_layers"":3,""head_dim"":32,""lr"":0.0001,""n_heads"":16,""num_epochs"":5,""patch_size"":8,""patch_stride"":8,""seq_len"":192}","{""Mlr"":1e-05,""affine"":0,""anomaly_ratio"":[0.1,0.5,1.0,2,3,5.0,10.0,15,20,25],""auxi_lambda"":0.005,""auxi_loss"":""MAE"",""auxi_mode"":""fft"",""auxi_type"":""complex"",""batch_size"":64,""cf_dim"":64,""d_ff"":128,""d_model"":128,""dc_lambda"":0.005,""dropout"":0.2,""e_layers"":3,""head_dim"":32,""head_dropout"":0.1,""individual"":0,""inference_patch_size"":32,""inference_patch_stride"":1,""lr"":0.0001,""lradj"":""type1"",""mask"":false,""module_first"":true,""n_heads"":16,""num_epochs"":5,""patch_size"":8,""patch_stride"":8,""patience"":3,""pct_start"":0.3,""pretrained_model"":null,""regular_lambda"":0.5,""revin"":1,""score_lambda"":0.05,""seq_len"":192,""subtract_last"":0,""temperature"":0.07}","{""batch_size"":64,""branch_dim"":128,""catch_train_epochs"":5,""cf_dim"":64,""d_ff"":128,""d_model"":128,""dropout"":0.2,""e_layers"":3,""fit_mode"":""three_stage"",""fusion_heads"":4,""fusion_layers"":2,""head_dim"":32,""joint_finetune_lr_scale"":0.1,""lambda_freq"":0.1,""lambda_mask"":0.1,""lr"":0.0001,""memory_size"":32,""memory_topk"":4,""n_heads"":16,""patch_size"":8,""patch_stride"":8,""patience"":3,""pattern_mask_ratio"":0.25,""relation_mask_groups"":4,""seed"":2021,""seq_len"":192,""temporal_hidden_dim"":128,""temporal_layers"":3,""training_budget_mode"":""equal_total_steps""}",,/media/h3c/users/wangyueyang1/cxy/CATCH-master/result/score/CATCH/SMD/run-20260716T225633Z-1008371-29270/test_report.1784301239.h3c-R5500-G5.1011549.csv,ed5bb2da92251e078f5fdd1b64be5b7a88f31709,True,True,auc_roc,0.8108613332598882,False,False,True,64,64,,False
SWAT,SWAT,SWAT.csv,True,False,,/media/h3c/users/wangyueyang1/cxy/CATCH-master/result/score/CATCH/SWAT/run-20260715T184743Z-2499166-18894/official_CATCH.sh,/media/h3c/users/wangyueyang1/cxy/CATCH-master/result/score/CATCH/SWAT/run-20260715T184743Z-2499166-18894/command.sh,/media/h3c/users/wangyueyang1/cxy/CATCH-master/scripts/multivariate_detection/detect_score/SWAT_script/CATCH.sh,/media/h3c/users/wangyueyang1/cxy/CATCH-master/scripts/multivariate_detection/detect_score/SWAT_script/CATCH.sh,c63d508e04f4d9d787d565990b259d9e40f9ea90401f1aa1e7e1d1c9fee5a48d,c63d508e04f4d9d787d565990b259d9e40f9ea90401f1aa1e7e1d1c9fee5a48d,unfixed_detect_score_multi_config.json,SWAT.csv,catch.CATCH,2021,0,1,60000,32,64,256,128,0.2,3,64,0.0001,2,3,2048,256,64,3,"{""batch_size"":""official_CATCH.sh"",""cf_dim"":""CATCH.py default"",""d_ff"":""CATCH.py default"",""d_model"":""CATCH.py default"",""dropout"":""CATCH.py default"",""e_layers"":""CATCH.py default"",""head_dim"":""CATCH.py default"",""lr"":""CATCH.py default"",""n_heads"":""CATCH.py default"",""num_epochs"":""CATCH.py default"",""patch_size"":""official_CATCH.sh"",""patch_stride"":""official_CATCH.sh"",""patience"":""CATCH.py default"",""seq_len"":""official_CATCH.sh""}","{""auxi_lambda"":0,""batch_size"":32,""inference_patch_size"":256,""inference_patch_stride"":32,""patch_size"":256,""patch_stride"":64,""score_lambda"":0,""seq_len"":2048}","{""Mlr"":1e-05,""affine"":0,""anomaly_ratio"":[0.1,0.5,1.0,2,3,5.0,10.0,15,20,25],""auxi_lambda"":0,""auxi_loss"":""MAE"",""auxi_mode"":""fft"",""auxi_type"":""complex"",""batch_size"":32,""cf_dim"":64,""d_ff"":256,""d_model"":128,""dc_lambda"":0.005,""dropout"":0.2,""e_layers"":3,""head_dim"":64,""head_dropout"":0.1,""individual"":0,""inference_patch_size"":256,""inference_patch_stride"":32,""lr"":0.0001,""lradj"":""type1"",""mask"":false,""module_first"":true,""n_heads"":2,""num_epochs"":3,""patch_size"":256,""patch_stride"":64,""patience"":3,""pct_start"":0.3,""pretrained_model"":null,""regular_lambda"":0.5,""revin"":1,""score_lambda"":0,""seq_len"":2048,""subtract_last"":0,""temperature"":0.07}","{""batch_size"":32,""branch_dim"":128,""catch_train_epochs"":3,""cf_dim"":64,""d_ff"":256,""d_model"":128,""dropout"":0.2,""e_layers"":3,""fit_mode"":""three_stage"",""fusion_heads"":4,""fusion_layers"":2,""head_dim"":64,""joint_finetune_lr_scale"":0.1,""lambda_freq"":0.1,""lambda_mask"":0.1,""lr"":0.0001,""memory_size"":32,""memory_topk"":4,""n_heads"":2,""patch_size"":256,""patch_stride"":64,""patience"":3,""pattern_mask_ratio"":0.25,""relation_mask_groups"":4,""seed"":2021,""seq_len"":2048,""temporal_hidden_dim"":128,""temporal_layers"":3,""training_budget_mode"":""equal_total_steps""}",,/media/h3c/users/wangyueyang1/cxy/CATCH-master/result/score/CATCH/SWAT/run-20260715T184743Z-2499166-18894/test_report.1784210821.h3c-R5500-G5.2521250.csv,aedcc2512baa7e518829ec5d1a90c3e9837202c1,True,True,auc_roc,0.3437453576128116,False,False,True,32,32,,False
